wallet,n_trades,n_eff,n_markets,total_stake,total_profit,edge_per_share,edge_se,t_stat,roi,avg_price,first_ts,last_ts,category,n_wallets_in_category,t_needed,focus,clears_luck
0xfe911a4e80ee71b47cd1ee690733ac4062e970ff,134,4.5,7,90385.00751385013,34567.80910814987,0.2700679468358992,0.06689446347167809,4.037224200927198,0.3824506968465194,0.7061510125690258,1732176996.0,1733171449.0,econ,41,3.110078268822134,0.42138364779874216,True
0xa9d71818dadc207f9ea3d3f46ff0b12e497025e9,340,12.5,29,14446.495533,7337.437799000002,0.23236105638886642,0.08352836407640424,2.7818221864889323,0.507904341384328,0.45748980163380853,1744063289.0,1750819191.0,other,130,3.4128501352853964,0.46070460704607047,False
0xf78dd17e5abbb6f3ef76858061b58891f1766fb5,269,19.4,68,111037.80570991887,4577.119290081142,0.03782502979113386,0.015597628446775588,2.4250500593859976,0.04122126928587417,0.9176095362035798,1733595487.0,1751910852.0,weather,68,3.244008488272625,0.15945465323058683,False
0x8f13b569addc9579f2c6d8f1b6770357c80d6e98,109,4.2,7,486.7004879999999,238.69009900000015,0.21883506508835085,0.09347065929800118,2.3412166634094826,0.49042502501045404,0.4462151275491827,1756319811.0,1756411193.0,crypto,106,3.3600869433674596,0.8515625,False
0x17525891a4ed52520ad75dac8ed5f32a58be7993,63,9.6,11,42101.12250724583,5525.673976754168,0.1160202739777069,0.05026894253434357,2.3079911398263895,0.13124766390262324,0.8839797260222931,1753138905.0,1753236777.0,sports,100,3.344949318503044,0.5384615384615384,False
0x4a64afa45a44a01890c2161be88d2b44751d4430,191,5.9,11,19182.95000699501,4188.396749004989,0.11550460006658274,0.05149534146744803,2.2430106641704115,0.21833955400382637,0.5290136301394045,1737796787.0,1739895110.0,other,130,3.4128501352853964,0.15579119086460033,False
0x2b064e1415c2fd4239c16e5ccf1d2730bab91dad,60,4.3,6,10503.859596887114,1873.6514711128855,0.11978717077860454,0.056844590635890764,2.1072747545299912,0.17837742915643637,0.6715377127313098,1745512234.0,1750998030.0,sports,100,3.344949318503044,0.0846262341325811,False
0xc7d88a8f8331b719d1a23bfde4f60fea4f71a0a6,348,8.1,18,116422.50788698337,13166.170109016624,0.08225310969442563,0.03912476236662779,2.102328671639038,0.11308955929550689,0.7273271750886874,1737703268.0,1739753719.0,entertainment,39,3.096787450821222,0.2674865488086088,False
0xf6129c47f5ef4cab25f3aa67b5e3aaac77b15700,26,3.3,6,224.80739499948717,107.16319500051287,0.24246680078987354,0.11730183198029144,2.0670333676511703,0.47668892298119164,0.5086478604820451,1738213276.0,1738383146.0,entertainment,39,3.096787450821222,0.048598130841121495,False
0xf6129c47f5ef4cab25f3aa67b5e3aaac77b15700,36,2.7,8,4113.379040992315,2510.935804007685,0.3342397116217328,0.16361275074492276,2.0428708037726393,0.6104314187884676,0.547546704403098,1738329785.0,1742436065.0,crypto,106,3.3600869433674596,0.06728971962616823,False
0x1f6535f7592cc8f3af8f20dcd92c0ca1a4151592,156,2.6,7,36884.90828088961,13116.113266110384,0.13570176375715412,0.07563967591472909,1.7940553303022457,0.3555956589678157,0.38161816753065664,1744637124.0,1748393655.0,crypto,106,3.3600869433674596,0.5,False
0x480d013bf6665fb174fb7ec6ea677cfc8140f219,15,8.9,10,970.9733910147711,492.6231959852289,0.17856457358246658,0.10154424069318141,1.7584904113075612,0.5073498414517672,0.3519555127316274,1763079988.0,1765074257.0,sports,100,3.344949318503044,0.7894736842105263,False
0x2370d48501dbbe1974b6cf228e77d459f4870e10,43,5.5,15,1473.1315030001408,112.20153199985897,0.06361794239043563,0.03953391514584408,1.6091991434631114,0.07616531977719049,0.8352612787097827,1735966677.0,1736953379.0,sports,100,3.344949318503044,0.21393034825870647,False
0x0054c4a7d35537869f23042ae7cb540c5c7a7f85,31,1.8,10,243.5468269997124,64.66350600028757,0.20350413291396163,0.14567538429452426,1.396969940388282,0.2655074869867384,0.7664722950887116,1741578047.0,1741771028.0,sports,100,3.344949318503044,0.08635097493036212,False
0xaaec89fcb2ff14b335ddd738edf355ac07038dc8,221,10.0,27,10233.929858028765,1206.4448359712328,0.05341775434580011,0.0393960138272508,1.355917747923275,0.11788676028737365,0.45312768130690123,1748964538.0,1751919092.0,weather,68,3.244008488272625,0.9324894514767933,False
0xf5201f998333d228dafba270d01d8ff82b2c0637,75,5.4,7,12369.679032053824,2987.6611659461746,0.123457413266507,0.09167757147874801,1.346647945349708,0.24153101775754907,0.5111451705570778,1753561626.0,1753638565.0,other,130,3.4128501352853964,0.11160714285714286,False
0x989b67c86daa5675c2a7d0ee4107d2a38f628ef3,557,3.7,7,874257.1964169075,25298.51425709251,0.028123343509361274,0.021452582174827456,1.3109537714467452,0.028937153003460545,0.9718766564906386,1731000912.0,1734544353.0,econ,41,3.110078268822134,0.9472789115646258,False
0x6f72fea92844c87b9d6683c415e7caef70ee83ad,245,6.3,17,104867.52231841757,17102.71912758243,0.05867954884572205,0.04852634360483084,1.2092307906726452,0.16308880718714883,0.359801201920532,1736764649.0,1737403154.0,other,130,3.4128501352853964,0.45539033457249073,False
0x22271273b28d0d198a8e5ff9e7f9f75d0c24b572,133,3.8,15,36565.57431409846,8613.08515190154,0.08942784894522395,0.07564610546604071,1.1821870854325762,0.23555175362254935,0.37965265624183847,1749521689.0,1752622265.0,politics,79,3.283399025587026,0.5135135135135135,False
0x5b1f39b4a2ef6da99df6fd11384f99eb78271e95,106,4.2,6,2907.5280759966518,675.5049650033485,0.09344093203784685,0.07988696980088505,1.1696642427512833,0.2323296447521996,0.4021911716755302,1750804561.0,1750851633.0,sports,100,3.344949318503044,0.3212121212121212,False
0x415c3009ba582ee5d126ec7460fb2b64a0ba3c94,15,3.0,6,36.14308700047595,33.85573299952405,0.24731371113267792,0.213273202850055,1.1596098704747058,0.9367139281456014,0.2640226687162442,1747715697.0,1753220690.0,entertainment,39,3.096787450821222,0.0351288056206089,False
0x415c3009ba582ee5d126ec7460fb2b64a0ba3c94,329,24.4,93,1341.2464680017936,276.4159539982064,0.06127391119556278,0.05467206508232376,1.120753553085989,0.20608885882847058,0.2973179217153197,1745462409.0,1758025046.0,other,130,3.4128501352853964,0.7704918032786885,False
0x2ff0e36eb9632a47c3eb75224bba1f141a6346e3,1254,11.6,24,582284.2468604536,91279.2008015464,0.08669222493913242,0.07898414016116091,1.097590285369237,0.15676055344739862,0.5530232129999606,1741309591.0,1741745894.0,sports,100,3.344949318503044,0.9288888888888889,False
0xdc4bc68529c164cfe402ae1215876badc02a5a92,73,20.9,59,1160.6980530019805,304.3297029980197,0.11029441947352332,0.1041579137686068,1.0589154053003516,0.262195410951982,0.4206573222355995,1759345915.0,1763789605.0,other,130,3.4128501352853964,0.5793650793650794,False
0x325f64edd42ac179213e12bc2a8c4f00764dd8ac,293,8.9,16,33446.29198194192,3010.9927820580833,0.043291108056974545,0.04192206768370276,1.0326567950703442,0.09002471136961182,0.4808802760748158,1750796203.0,1750992934.0,other,130,3.4128501352853964,0.2646793134598013,False
0x397f5e73ccde28e90bc2a28ab8a25a82157854e9,16,14.1,15,42.8494,17.150599999999997,0.10367911981622534,0.10194509191158758,1.017009429999255,0.40025297903821283,0.25903397412646595,1733231581.0,1734259716.0,other,130,3.4128501352853964,0.015763546798029555,False
0xa8cd761b4ee10d9a429dd191136d5fd1fe9e3cf2,546,21.4,34,21762.345985008633,3339.7242489913706,0.08206171773539493,0.0817175091486005,1.0042121766850296,0.15346342950764577,0.5347314210211007,1733268106.0,1733671434.0,other,130,3.4128501352853964,0.22258459029759478,False
0xc7d88a8f8331b719d1a23bfde4f60fea4f71a0a6,243,4.5,6,28092.325971766684,2110.0152082333175,0.0557966685523766,0.056023666989457495,0.9959481688850605,0.07511002151811574,0.7428658310118982,1741026008.0,1742819782.0,weather,68,3.244008488272625,0.18677940046118371,False
0xdc2a9a1aedee7c326bd65522890be2a53db697aa,24,5.8,9,295.26030700062745,48.781415999372555,0.08542530963078604,0.08656619470603957,0.986820662741065,0.1652149470916485,0.5170555759909463,1735614810.0,1735741074.0,entertainment,39,3.096787450821222,0.04790419161676647,False
0xa9d71818dadc207f9ea3d3f46ff0b12e497025e9,18,3.9,7,14209.086909984235,240.4930900157642,0.016609120569503,0.017228195174411532,0.9640661950575052,0.016925302205504707,0.9813189961300145,1745621771.0,1750593656.0,crypto,106,3.3600869433674596,0.024390243902439025,False
0x415c3009ba582ee5d126ec7460fb2b64a0ba3c94,25,2.3,7,90.7821930001679,31.424478999832125,0.1335839181044107,0.14088277488828377,0.9481919859282949,0.3461524552482887,0.3859106474012829,1748236626.0,1752681288.0,crypto,106,3.3600869433674596,0.0585480093676815,False
0x2b064e1415c2fd4239c16e5ccf1d2730bab91dad,643,24.2,40,117885.58653853866,5263.520885461349,0.030077908600095054,0.03183708027427293,0.9447445664293709,0.04464940150881483,0.6736464002581753,1745524106.0,1752685126.0,entertainment,39,3.096787450821222,0.9069111424541608,False
0x94dc571f4b0d73ac86c23f6e52b4d1810ef6c779,2251,11.6,35,1566750.9937073812,281590.39521661855,0.0659740147975349,0.07143310176401546,0.923577629534903,0.179728876093,0.3670752092356984,1732494730.0,1754767905.0,sports,100,3.344949318503044,0.9995559502664298,False
0xb2a0e9c29ef2e4398e96a9f5016b7afdfc20ca0c,61,10.7,22,751.022673999779,127.51914300022112,0.09005495902826775,0.10066039915838305,0.8946413860983377,0.16979399878978704,0.5303777499213033,1756229345.0,1759945417.0,sports,100,3.344949318503044,0.48412698412698413,False
0xfee78d6e8842f9daedf39fb1e095b0b05d74043d,74,6.2,9,362.525692000407,48.32766799959303,0.06658323167879907,0.08130107961142591,0.8189710640624946,0.13330825667257473,0.499468175045883,1738428627.0,1739093521.0,sports,100,3.344949318503044,0.19680851063829788,False
0xf323f1a3599b55ad945e6b28a97a9161f0d4c700,1576,4.9,11,476877.174767291,43916.195177708985,0.04162931995267121,0.05614595412591772,0.7414482592870314,0.09209120817984094,0.45204445435632806,1748448160.0,1748556315.0,crypto,106,3.3600869433674596,0.963914373088685,False
0x22271273b28d0d198a8e5ff9e7f9f75d0c24b572,121,4.9,20,14023.191707132071,1963.2036988679288,0.03703677838533313,0.049997901525644345,0.7407666573033401,0.1399969236582183,0.26455423031832415,1749146006.0,1754355285.0,other,130,3.4128501352853964,0.4671814671814672,False
0xfa1c66c8d0ec9115a5bfda4a9af57c44d3ba33c1,82,3.6,6,6076.063113989797,635.5811760102035,0.04820133317052516,0.06577778411160454,0.7327904675040804,0.104604110274433,0.460797697567209,1724167801.0,1733366174.0,crypto,106,3.3600869433674596,0.18262806236080179,False
0x49fd154b16d6f865126ebbf1ba2e791d96520198,160,17.5,41,4747.710527007127,195.92093399287265,0.02193728532045305,0.029986872837920828,0.731562955531381,0.04126640259097215,0.5316015921691288,1739164896.0,1747054477.0,other,130,3.4128501352853964,0.471976401179941,False
0xf43aed2df92d16c4b5ea38b8f8fa872c1bb4cafc,200,6.4,19,3409.050095003265,243.20135599673506,0.031165668523082852,0.04899128717690814,0.6361471665470482,0.0713399185166571,0.43686156602219844,1754688797.0,1762169847.0,other,130,3.4128501352853964,0.9615384615384616,False
0x76bc5994bf0a12d08a791b897d1fe1affea7205b,425,23.1,45,22854.322716977655,748.8754830223438,0.016501130490874504,0.02598828331740031,0.6349449976877182,0.03276734525438512,0.5035846011561229,1756136889.0,1756425549.0,crypto,106,3.3600869433674596,0.9837962962962963,False
0xc6208602d8a6295983ebfe0b0aeb51ce92a82da3,1687,5.6,10,901566.8408960846,46717.93677191562,0.031840412734025145,0.051251509651425615,0.621258045871815,0.051818605845665056,0.614459077283122,1731934920.0,1734387955.0,econ,41,3.110078268822134,0.6218208625138223,False
0xc6208602d8a6295983ebfe0b0aeb51ce92a82da3,323,3.1,5,74581.42319300951,6068.868685990491,0.03760828335737055,0.07064756157095901,0.532336608951414,0.08137239041798446,0.4621749854488554,1732196593.0,1732650576.0,crypto,106,3.3600869433674596,0.11905639513453742,False
0xfcb034faade540c47ad37e582f6e0c762feac865,316,9.6,20,78619.03575118008,3403.3154368199116,0.030216200388717026,0.057239443165846775,0.5278912357894183,0.04328869470736071,0.6980159737544392,1752428455.0,1760089352.0,other,130,3.4128501352853964,0.28649138712601996,False
0xdeb685282cc10b004960152eee8b01b8f08c8f5d,310,8.5,17,11078.709678981957,553.7763750180424,0.022453781188938808,0.04265427771600264,0.5264133491707165,0.04998563831568244,0.4492046504864616,1750770071.0,1751446864.0,politics,79,3.283399025587026,0.6609808102345416,False
0x7dc37204d50aac034d4d4366e7d5700eabf67865,41,1.4,5,1520.7492779911584,189.98072200884164,0.056180157829135054,0.10672516499407922,0.5264002902431845,0.1249257354636378,0.44970844174447494,1733565687.0,1736899040.0,sports,100,3.344949318503044,0.03195635229929852,False
0xebf79787ab928c803cbef6fa8e0abe42b9e1da78,27,1.9,5,11864.458120999796,1928.0918790002065,0.04043379438067665,0.0783360813653619,0.5161579910040711,0.16250989799420607,0.24880819494525946,1756420355.0,1756425621.0,crypto,106,3.3600869433674596,1.0,False
0x93b4ad1fc1181bf2f672a152e34276ca393bcbfd,115,2.7,25,30805.61003999828,879.7344080017197,0.024959951931171342,0.0501933942454872,0.49727563370384037,0.028557603853955973,0.8740212259689896,1738346731.0,1738975370.0,other,130,3.4128501352853964,0.45098039215686275,False
0x026985b67ade7ba199698b9d7d0451a22214cb2d,1507,21.7,65,671168.8531715404,33318.358103459606,0.020338997835156976,0.04101555990672528,0.4958849246824987,0.049642288890518506,0.40971112109703,1738216248.0,1738791692.0,sports,100,3.344949318503044,0.9078313253012048,False
0xd3989ba133ab48b5b3a81e3dba9b37b5966a46d7,160,5.0,30,69560.33582647219,6931.5782305278,0.038437119009761676,0.08607241572473136,0.4465672153630221,0.0996484296427144,0.3857272929194818,1738354021.0,1740364534.0,other,130,3.4128501352853964,0.36036036036036034,False
0x83424da14fc31af4182fbad0a0d73796f5c813c9,89,5.3,23,21828.14814307337,726.2319529266344,0.02241470359451557,0.05085210646188722,0.44078220459392387,0.03327043357808099,0.6737123981841545,1733189368.0,1742260990.0,weather,68,3.244008488272625,0.04936217415418746,False
0x2370d48501dbbe1974b6cf228e77d459f4870e10,108,1.4,13,25059.66420385454,2071.378586145463,0.04390403146404322,0.10684916503602272,0.41089728168902,0.0826578747941425,0.5311536447481282,1735917239.0,1736512683.0,other,130,3.4128501352853964,0.5373134328358209,False
0x9304c4a06dbf0893ee8bc556697a92374a80f693,55,7.5,8,2655.8895670054535,90.8132329945461,0.018038807809390645,0.045564006017265436,0.3959003912552213,0.0341931509964622,0.5275561708617329,1750810603.0,1750945020.0,crypto,106,3.3600869433674596,0.19572953736654805,False
0x684bc3eb000bff0979d14b60cc74861736150601,622,3.9,49,125834.01375838595,5109.369408614058,0.024376012188074912,0.06178985540412066,0.3944986119266646,0.04060404064058995,0.6003346416638978,1732176196.0,1737394815.0,other,130,3.4128501352853964,0.8428184281842819,False
0xde5314ddd05574a22cdaeef4e9ab2c02ce90e5be,12,6.2,8,564.58,58.42000000000001,0.06336225596529285,0.16106341577832392,0.39339943002636985,0.10347514966878034,0.6123427331887202,1783590338.0,1785860091.0,sports,100,3.344949318503044,1.0,False
0x026985b67ade7ba199698b9d7d0451a22214cb2d,141,5.7,15,107908.0233539044,10334.19484309562,0.05258163122010554,0.13551492257306336,0.3880135871513041,0.09576854919492603,0.5490490527645103,1738194914.0,1738762275.0,other,130,3.4128501352853964,0.08493975903614458,False
0xe82e99f17119cf9ea481b3b20d90b21261fc1ce0,297,9.0,20,234673.82945594113,1196.072647058852,0.004965637618548919,0.013228819123340207,0.37536514576632307,0.005096744915407829,0.9742762686705071,1746440681.0,1749080390.0,crypto,106,3.3600869433674596,0.4900990099009901,False
0x3cf3e8d5427aed066a7a5926980600f6c3cf87b3,42,4.7,10,1969.799437032171,114.23114996782898,0.02038059665248524,0.055111242278850336,0.36980833328641116,0.05799125932330305,0.3514425603152157,1731585224.0,1735161937.0,other,130,3.4128501352853964,0.09438202247191012,False
0x727bfdcb0ae1a00eca35c4d0a9b85f4e42d4d1a2,228,2.9,12,24443.762330116613,2360.7730428833884,0.037192458468000476,0.10230285622050839,0.3635524934693329,0.09657977405445203,0.38509572870848946,1754353423.0,1755638195.0,sports,100,3.344949318503044,1.0,False
0xf8ba34bf0e95d952d05b578bfbc0833f9242a286,187,12.2,23,6400.761631979799,152.34211002020106,0.020352320885660725,0.05687692754521614,0.35783087737081076,0.023800622297675007,0.855117174295433,1731617522.0,1732088041.0,other,130,3.4128501352853964,0.751004016064257,False
0xe59b9db1a289d3eb1061afeba78a4b8ae779488e,838,17.1,71,57885.225903017905,1232.4922649821026,0.010341550983778324,0.030173445423930412,0.3427368283098519,0.021292000605595725,0.4857012347191308,1740948402.0,1744160839.0,sports,100,3.344949318503044,0.8648090815273478,False
0xb2c72925a836d013efd18186c20acdc539291b5b,179,12.7,17,9060.349385986121,200.77482801387902,0.0112400315379381,0.03504282668043855,0.3207512807239508,0.022159722485362725,0.5072279919282624,1737033134.0,1745773987.0,other,130,3.4128501352853964,0.1937229437229437,False
0x3cf3e8d5427aed066a7a5926980600f6c3cf87b3,18,1.8,7,42950.240403295655,1123.5195967043414,0.02194938425951246,0.06862856338545473,0.31982870071507946,0.02615863348271577,0.8390875721400141,1731415801.0,1733652870.0,econ,41,3.110078268822134,0.04044943820224719,False
0x5b1f39b4a2ef6da99df6fd11384f99eb78271e95,19,1.5,5,312.85531699909194,26.66617200090801,0.05366002992117577,0.17023389103755893,0.31521355468128665,0.085234837165914,0.6295551408953098,1750803157.0,1751452335.0,entertainment,39,3.096787450821222,0.05757575757575758,False
0x3cf3e8d5427aed066a7a5926980600f6c3cf87b3,374,3.4,13,11820.400344024078,765.3961129759223,0.0179347567516143,0.0605741221304356,0.2960795158202209,0.06475213112074296,0.2769755441434268,1731409947.0,1733973276.0,politics,79,3.283399025587026,0.8404494382022472,False
0xc7d88a8f8331b719d1a23bfde4f60fea4f71a0a6,53,4.1,8,57655.31948684019,732.9461031598092,0.011306036525336951,0.03864704229389289,0.292545971289595,0.012712549504250062,0.8893602751798224,1736810369.0,1741654063.0,crypto,106,3.3600869433674596,0.04073789392774789,False
0xdc4bc68529c164cfe402ae1215876badc02a5a92,13,7.3,10,522.6475400074056,52.82348399259443,0.049935987262805515,0.17481433599673266,0.28565155699666894,0.1010690378296738,0.49407799198563596,1759789496.0,1760720166.0,weather,68,3.244008488272625,0.10317460317460317,False
0xf6129c47f5ef4cab25f3aa67b5e3aaac77b15700,179,33.4,43,11165.573415994195,306.06511200580394,0.013325916791319637,0.046903197599271425,0.28411531565870546,0.02741149966981356,0.4861432957640975,1738640500.0,1745025581.0,sports,100,3.344949318503044,0.33457943925233646,False
0x6f7a85bd0b2986281efa4ed6f41e364426c6c585,372,8.0,19,3211.68417400116,97.25988199884023,0.012296629219550654,0.043407028400498815,0.2832865937307366,0.030283140162462654,0.406055288638557,1742533481.0,1742673468.0,weather,68,3.244008488272625,0.42033898305084744,False
0x2fb0f88ef5ba40e799b996e6f07b590d92b4abf8,1556,32.3,129,4095123.534730168,4836.485264831961,0.0011796033093171951,0.004399563458259231,0.2681182623023074,0.0011810352542028118,0.998787551107792,1734984055.0,1736138838.0,sports,100,3.344949318503044,0.7772227772227772,False
0xea23cafc69207a9a1a2d7d65252d12ffc366025c,2224,8.5,23,70420.14884206369,1632.9710259362853,0.011355863116898532,0.042764538118257076,0.265543920654447,0.023188974360146077,0.4897095895890669,1734485495.0,1736526012.0,other,130,3.4128501352853964,0.9797356828193833,False
0x01eabc42e75188605c10559c18dd6478699fa907,77,5.7,25,7060.960639041026,244.20123195897457,0.030330208204304796,0.11540487468922454,0.2628156590956964,0.034584703759535526,0.8769833165317281,1730032211.0,1733992283.0,politics,79,3.283399025587026,0.07938144329896907,False
0x325f64edd42ac179213e12bc2a8c4f00764dd8ac,814,17.9,38,77927.9121540588,1247.0730029411868,0.007592491987924461,0.029512048008179623,0.25726753988134304,0.01600290535791333,0.4744445972849564,1750796219.0,1751341433.0,sports,100,3.344949318503044,0.7353206865401988,False
0x1dbd30000dd7dd051e8fc803fac38e8246d9af92,323,4.2,22,245448.59443374403,3218.656000255966,0.011057974720790176,0.04425084350313781,0.24989297028894059,0.013113360896123626,0.8432601533950742,1730788065.0,1731743479.0,politics,79,3.283399025587026,0.6646090534979424,False
0xf5201f998333d228dafba270d01d8ff82b2c0637,585,15.8,29,120371.93152572027,3925.0968122797194,0.01287508106666092,0.054148381489597434,0.23777407029486894,0.032608073680707124,0.3948433505374034,1753563915.0,1753765771.0,sports,100,3.344949318503044,0.8705357142857143,False
0x53d2d3c78597a78402d4db455a680da7ef560c3f,44,10.4,19,10714.361459001744,265.2049859982564,0.016520559964620197,0.07052753317368539,0.23424270240582018,0.024752290373351426,0.6674356075915469,1738708826.0,1741064567.0,sports,100,3.344949318503044,0.8979591836734694,False
0x49fd154b16d6f865126ebbf1ba2e791d96520198,164,1.9,17,1752.9588039938978,80.15256800610211,0.01957231481221866,0.08881292240587176,0.22037688077388007,0.045724159531578545,0.42805193168616695,1740272279.0,1746898495.0,weather,68,3.244008488272625,0.4837758112094395,False
0xfee78d6e8842f9daedf39fb1e095b0b05d74043d,47,4.2,6,165.788138000206,5.427294999793977,0.012991155435223561,0.059599086983140565,0.21797574581802753,0.03273632881857466,0.3968421598897294,1738401413.0,1739187368.0,politics,79,3.283399025587026,0.125,False
0x2370d48501dbbe1974b6cf228e77d459f4870e10,50,4.3,8,1891.4713300152953,45.78142698470479,0.013106828541019229,0.06029162701893422,0.21739052649720514,0.024204134769695174,0.541511963378656,1735916531.0,1736263763.0,entertainment,39,3.096787450821222,0.24875621890547264,False
0x1dbd30000dd7dd051e8fc803fac38e8246d9af92,97,10.6,14,35942.07238695854,826.6360690414622,0.01746032750051556,0.08173833149343482,0.21361247754265653,0.022999120922738005,0.7591736901236719,1730993408.0,1731526386.0,sports,100,3.344949318503044,0.19958847736625515,False
0xd3989ba133ab48b5b3a81e3dba9b37b5966a46d7,283,3.6,22,18930.121304776414,660.2226172235884,0.012614729961980087,0.06356877435027888,0.198442239777504,0.0348768297146095,0.36169371084482266,1738861057.0,1740112042.0,sports,100,3.344949318503044,0.6373873873873874,False
0xe3fe586991d69e709fc2e2ad22ebc557df65978f,197,12.4,23,1864.84359599864,24.962474001359798,0.006857712908058858,0.035457442919725336,0.19340686590357148,0.01338582713044746,0.512311479987686,1738359931.0,1751239092.0,other,130,3.4128501352853964,0.3192868719611021,False
0xe82e99f17119cf9ea481b3b20d90b21261fc1ce0,50,5.8,9,21269.14293003742,41.647069962578,0.0019542715198534637,0.010394534534820954,0.18800952686306374,0.001958098175350629,0.9980457284801463,1746111623.0,1748357511.0,weather,68,3.244008488272625,0.08250825082508251,False
0x245927734a276792f8fd79ad11e24bd50d108d76,329,5.4,7,6163.001927005955,113.81455699404505,0.00927286122288477,0.0540170265399707,0.17166552505483024,0.01846738948682063,0.5021208454775055,1733827696.0,1734549351.0,econ,41,3.110078268822134,0.289612676056338,False
0x6b7ec4ba079c0a258435ea36025f6190cd424562,79,4.9,18,5927.538219034655,152.60161996534356,0.009270364633684244,0.05445904160756474,0.17022636388805867,0.025744518943008332,0.3600908082301487,1732066661.0,1735541557.0,crypto,106,3.3600869433674596,0.09912170639899624,False
0x8c544d302252df77f939723de189dc39fdac7e8c,92,4.3,8,56481.460453826556,1224.5520301734427,0.01014592121531377,0.06043165400093472,0.16789084103434998,0.02168060139263769,0.46797231458529226,1731750054.0,1750065783.0,crypto,106,3.3600869433674596,0.061620897521768254,False
0x245927734a276792f8fd79ad11e24bd50d108d76,321,12.5,20,10771.921948984642,107.4932250153575,0.005651544198744369,0.034993538821571066,0.1615025055785609,0.00997902004158968,0.5663426043028635,1733828822.0,1759358787.0,other,130,3.4128501352853964,0.28257042253521125,False
0x6b7ec4ba079c0a258435ea36025f6190cd424562,152,5.3,14,8087.831189051861,135.82578694813867,0.008472224227925684,0.054286862418957166,0.15606398768345753,0.016793845441779254,0.5044838751968459,1732060129.0,1734517743.0,econ,41,3.110078268822134,0.19071518193224593,False
0x4f2ba33b080882c0f6b296f48cfd07b6c326f448,43,7.0,16,5498.933908019796,135.07993698020366,0.018039974087838664,0.12003852755388517,0.15028486649622172,0.02456475004785916,0.7343845979581154,1749042784.0,1749220758.0,other,130,3.4128501352853964,0.44329896907216493,False
0x0f1b8f81fdcb47b6c3292b8dbf6c2c16b3c4d367,1751,10.7,24,472923.56003788323,5668.974702116763,0.005714349134109336,0.038206903642461675,0.14956326185403387,0.011987084554769599,0.4767088367484341,1753708342.0,1753724155.0,crypto,106,3.3600869433674596,0.9521479064709081,False
0xa9d71818dadc207f9ea3d3f46ff0b12e497025e9,380,7.9,37,11165.444335002743,310.0701319972568,0.014279995755300897,0.1028322284793862,0.13886692884578955,0.02777051433817216,0.5142143059148251,1744030187.0,1751925229.0,sports,100,3.344949318503044,0.5149051490514905,False
0x58caa2f2787c73901336ce36282a7b28c1a6cc33,119,19.5,38,4706.480086009165,84.60991399083525,0.011797248249078724,0.0853118181478401,0.1382838685800228,0.017977323274426044,0.6562294101848358,1748962530.0,1756440515.0,other,130,3.4128501352853964,0.31151832460732987,False
0x7dc37204d50aac034d4d4366e7d5700eabf67865,73,4.5,9,632.152359000079,11.376774999921068,0.008085632086499256,0.05851810483480236,0.1381731706678666,0.017996887677389252,0.44927946606333496,1733442412.0,1737373999.0,crypto,106,3.3600869433674596,0.05689789555728761,False
0x2fe6d3037aab8ca66fc3a43918d9028a601aab9d,106,4.2,11,95293.50139062922,4157.976375370781,0.02350943575904235,0.1801759658066515,0.13048042037010943,0.043633367592678884,0.5387948961103549,1758937879.0,1762659191.0,sports,100,3.344949318503044,0.8760330578512396,False
0x01eabc42e75188605c10559c18dd6478699fa907,92,4.7,11,28347.232251016092,439.0724569839043,0.007444834295197337,0.05776533986134795,0.12888064560975324,0.015489076785200643,0.4806506158140204,1730014144.0,1730721030.0,crypto,106,3.3600869433674596,0.09484536082474226,False
0x415c3009ba582ee5d126ec7460fb2b64a0ba3c94,18,2.2,11,112.63307399999985,3.3978260000001503,0.010209611166307784,0.0792322867219805,0.12885670209333297,0.030167213584174707,0.338434013397366,1745607293.0,1754975294.0,politics,79,3.283399025587026,0.04215456674473068,False
0x1f56b47b0be856bb5fdfe242933f377dad33ccd7,340,18.3,33,4947.243307993521,41.27999900647918,0.0036951280437787022,0.029040840802291384,0.12723901724936107,0.008344040597271802,0.44284636450437154,1758285062.0,1759416811.0,other,130,3.4128501352853964,0.8762886597938144,False
0x2fb0f88ef5ba40e799b996e6f07b590d92b4abf8,41,3.5,7,19662.95493,32.83507000000003,0.0016671110932844038,0.013320417321407013,0.12515456933959707,0.0016698949937531099,0.9983328889067156,1735266695.0,1736131004.0,weather,68,3.244008488272625,0.02047952047952048,False
0xfee78d6e8842f9daedf39fb1e095b0b05d74043d,167,7.6,17,800.267068999449,8.928498000550931,0.005486585073151662,0.045229498419425064,0.12130545915572868,0.011156897923731857,0.491766180049128,1738381512.0,1751471021.0,other,130,3.4128501352853964,0.4441489361702128,False
0x5b1f39b4a2ef6da99df6fd11384f99eb78271e95,120,5.1,16,5013.4909789946505,65.5277390053497,0.006584321323738061,0.05530898119374256,0.1190461509437998,0.01307028162210634,0.5037627737570483,1750791637.0,1751452435.0,other,130,3.4128501352853964,0.36363636363636365,False
0xa8cd761b4ee10d9a429dd191136d5fd1fe9e3cf2,1877,61.0,90,33327.36521298901,502.6233350109919,0.005792997436150404,0.049052999190638324,0.1180967021738395,0.01508140027868448,0.38411535594198254,1733267584.0,1733806227.0,sports,100,3.344949318503044,0.7651854871585814,False
0xe3fe586991d69e709fc2e2ad22ebc557df65978f,175,10.5,16,1445.2923879999812,13.659487000018803,0.0044209347952286464,0.038504693622379765,0.11481547778526156,0.009451019816772868,0.46777330710731824,1738359537.0,1738833739.0,entertainment,39,3.096787450821222,0.28363047001620745,False
0x18a7cd9f73c2e2f8aa069cb2486ae7c213bbd21a,45,2.5,10,898.1464709993786,16.37060900062139,0.008777222478743284,0.0791094462289585,0.11095037188530246,0.018227103851341322,0.4815478394334915,1742489828.0,1752668150.0,other,130,3.4128501352853964,0.21226415094339623,False
0xf6129c47f5ef4cab25f3aa67b5e3aaac77b15700,254,3.8,37,44734.665775958245,497.55217004175944,0.0066620984493988514,0.06291923518917546,0.10588333487157502,0.011122295459490365,0.598985926391144,1737946933.0,1742617915.0,other,130,3.4128501352853964,0.4747663551401869,False
0x93b4ad1fc1181bf2f672a152e34276ca393bcbfd,16,1.4,5,2375.89986,33.060140000000004,0.011175120083018691,0.10664896123244397,0.10478414373546732,0.013914786795770089,0.8031111253832347,1738343776.0,1738698221.0,weather,68,3.244008488272625,0.06274509803921569,False
0xc390fa385403669645a20d81fc672a25d1ad28bd,539,4.5,14,10684.620980004775,123.04084899522636,0.005184941529499095,0.05844435025189166,0.08871587257198184,0.01151569617916118,0.45024994136974306,1742596458.0,1742719607.0,weather,68,3.244008488272625,0.5299901671583087,False
0x58dc632f81408942e70f566b97f704ebd1e0436c,167,4.7,7,443645.47963,452.8903700000004,0.001019797415604116,0.011592606698692831,0.08796963807278196,0.0010208384640314845,0.998980202584396,1728871300.0,1731398185.0,politics,79,3.283399025587026,0.9940476190476191,False
0xe82e99f17119cf9ea481b3b20d90b21261fc1ce0,152,4.7,9,81258.5601,81.33990000000009,0.001000000000000001,0.011513946163857926,0.08685119643332913,0.001001001001001002,0.9990000000000001,1746495391.0,1749178778.0,sports,100,3.344949318503044,0.2508250825082508,False
0x4a9a87962893e6e119f1cc7f67c61d0287e0f675,12,6.9,7,13214.0764,85.90360000000027,0.005589050864087023,0.06446635667387655,0.08669717279605242,0.006500915947481601,0.8597328298410278,1730613306.0,1733161075.0,econ,41,3.110078268822134,0.1518987341772152,False
0xa9f9c0ca31912bee7ecd8aa25bfad07adcd6b3de,341,6.5,16,12108.899579038778,92.84716996122184,0.004230003112137615,0.04887660805458718,0.08654453081959765,0.007667680234291957,0.5516666035732538,1736145878.0,1736219591.0,other,130,3.4128501352853964,0.449868073878628,False
0x369421b8b6fe558eda4a8cdfbfc121a216c11d72,171,2.9,6,18590.91846298426,232.2469880157383,0.006169003081965518,0.07320988818394326,0.08426461554572531,0.012492496725116476,0.4938166659321658,1728313977.0,1728379024.0,other,130,3.4128501352853964,0.12657290895632864,False
0x17525891a4ed52520ad75dac8ed5f32a58be7993,29,9.9,13,310.74996999973894,4.270284000261115,0.009805347813201347,0.1169865124046693,0.08381605376253601,0.013741864561611068,0.7135383826000821,1753090991.0,1753175366.0,crypto,106,3.3600869433674596,0.24786324786324787,False
0xdc2a9a1aedee7c326bd65522890be2a53db697aa,385,20.3,61,70457.15941210822,191.2697578917907,0.001989941484487454,0.02456742536412779,0.08099918713472816,0.002714695844790481,0.7330255757035046,1735604324.0,1737481551.0,other,130,3.4128501352853964,0.7684630738522954,False
0xe82e99f17119cf9ea481b3b20d90b21261fc1ce0,96,4.0,10,97828.48915,98.40085000000009,0.0010048399372225552,0.012528132120271937,0.08020668425076795,0.001005850656132719,0.9989951600627772,1743135916.0,1748114331.0,other,130,3.4128501352853964,0.15841584158415842,False
0x2fb0f88ef5ba40e799b996e6f07b590d92b4abf8,356,5.9,38,1140634.977442185,1723.132557814611,0.0014575557670462105,0.019026030305611875,0.07660850653729344,0.0015106783431090697,0.9648352832320813,1734940359.0,1736193971.0,other,130,3.4128501352853964,0.17782217782217782,False
0x01eabc42e75188605c10559c18dd6478699fa907,394,6.6,41,48447.42399805152,293.6771159484789,0.0035606489469238818,0.0480642897315538,0.07408096461657158,0.006061769475303581,0.587394318017275,1729979731.0,1733696014.0,other,130,3.4128501352853964,0.4061855670103093,False
0xb0b6b3ba2db9ea8b02a63d8d1b34876118b77c80,22,1.7,6,1564.4496340003695,22.550365999630383,0.007115242110252261,0.09613070325628333,0.07401633265163066,0.014414248633858581,0.49362559859962446,1726932404.0,1729436320.0,other,130,3.4128501352853964,0.007874015748031496,False
0x571080e37b2d37f65830e8795e38e3ca9a28ce1d,193,2.8,9,36289.495579999995,37.47442000000003,0.001031586724684168,0.01482469642150911,0.06958568967304057,0.0010326519947731947,0.9989684132753157,1729240466.0,1731398101.0,politics,79,3.283399025587026,0.2529488859764089,False
0x9fc48c61578e3d7c5ff6570e06952cda87b3d24c,2257,2.8,5,3246724.3257,3249.9743000000026,0.0010000000000000009,0.015004885280541226,0.06664496137780074,0.0010010010010010019,0.999,1722978494.0,1730925501.0,politics,79,3.283399025587026,1.0,False
0xdd31ff903bd520af3d3d232089e3c7528cb3f196,500,3.2,6,10248.572798996658,87.46060000334174,0.00425791294196291,0.06992596311554704,0.06089173108602096,0.008533929720624533,0.4989393024496699,1733496893.0,1736971316.0,crypto,106,3.3600869433674596,0.35137034434293746,False
0x676146d7f28f2cef63419a60bb1fb4afec5da94f,909,5.0,10,964026.4252656957,20426.87466730429,0.012606193386257262,0.21673024848453648,0.05816536212367562,0.021189123173334625,0.5949370006080044,1732936207.0,1733788276.0,sports,100,3.344949318503044,0.5410714285714285,False
0x8e095c686c4e78658fab5dede0c6b7e1e27f3cb2,583,56.8,156,14663.647543974883,47.8584460251181,0.0023408121394135335,0.042787943260232275,0.05470728343208583,0.0032637477054460818,0.7172160199477181,1735993827.0,1739000451.0,other,130,3.4128501352853964,0.6678121420389461,False
0x01eabc42e75188605c10559c18dd6478699fa907,372,6.0,6,206468.59829124052,492.12001075950377,0.0019518131846527893,0.0393502196644359,0.04960107469023373,0.002383510203645249,0.8188818246583385,1730814579.0,1731005944.0,econ,41,3.110078268822134,0.3835051546391753,False
0xdc2a9a1aedee7c326bd65522890be2a53db697aa,42,2.6,6,1572.281149995998,12.80885000400206,0.003847674220654722,0.07805239294204101,0.04929604430593013,0.008146666392352706,0.47230045215384575,1735611153.0,1735717094.0,crypto,106,3.3600869433674596,0.08383233532934131,False
0x6356fb47642a028bc09df92023c35a21a0b41885,290,3.5,12,304116.4177119888,360.80449601119415,0.0011475958794866712,0.02376065749478329,0.04829815335449486,0.001186402558354779,0.9672904625880762,1730357522.0,1734338183.0,politics,79,3.283399025587026,0.4136947218259629,False
0xce20665dadd8bb0f0efeba25bdd1ed3ef30f9ae3,26,4.1,6,609.451242,4.3087580000000045,0.0023690609326563914,0.0585324354854501,0.040474326977993066,0.00706989780816626,0.33509125548037616,1756594195.0,1758363404.0,politics,79,3.283399025587026,0.08024691358024691,False
0xa9f9c0ca31912bee7ecd8aa25bfad07adcd6b3de,37,2.5,9,1669.2718299977498,8.108170002250016,0.0029957473701857766,0.07742531600799765,0.038692090967718244,0.00485730955051278,0.6167503509982227,1736147386.0,1738691395.0,sports,100,3.344949318503044,0.048812664907651716,False
0xb0b6b3ba2db9ea8b02a63d8d1b34876118b77c80,2730,5.1,12,296235.6463227925,1262.2185252075387,0.0021328446181261467,0.05543573422905898,0.03847418362519182,0.004260859693543312,0.5005667333656045,1726137623.0,1733841237.0,econ,41,3.110078268822134,0.9770937723693629,False
0x26d1e79d2417a39e1d6d9a558be3fbf4f4046f56,2180,10.8,15,34337.298262000295,85.5690349997004,0.0012348223159565409,0.03806846940257661,0.032436878480671553,0.002492014204110992,0.4955117486567678,1733974680.0,1734411730.0,sports,100,3.344949318503044,0.9098497495826378,False
0x1f56b47b0be856bb5fdfe242933f377dad33ccd7,31,3.7,7,619.4723889996042,2.677611000395831,0.002037316057119235,0.06506452578804053,0.031312240156120726,0.0043224057245230055,0.4713384598675222,1758363404.0,1759368693.0,politics,79,3.283399025587026,0.07989690721649484,False
0x20cc8d7e69a24d156cf8c17d32152a536befebc0,1679,14.5,25,637658.3561633663,1172.351239633581,0.0009922509220133173,0.03540607957918601,0.028024874083958925,0.0018385256435551637,0.5396992560270185,1735310671.0,1735438629.0,sports,100,3.344949318503044,0.9421997755331089,False
0xfee78d6e8842f9daedf39fb1e095b0b05d74043d,67,3.8,5,388.3501170000393,1.5098829999607155,0.001756257808964463,0.06344803525831247,0.02768025521695523,0.003887942693630147,0.4517190574444029,1738405180.0,1738613139.0,entertainment,39,3.096787450821222,0.17819148936170212,False
0x4ce73141dbfce41e65db3723e31059a730f0abad,500,10.5,11,39876.95173799179,56.176399008208136,0.0013141192055084363,0.057951439852155694,0.022676213203002123,0.0014087435613762687,0.9328306737562694,1731441500.0,1732661008.0,politics,79,3.283399025587026,0.4859086491739553,False
0x6b7ec4ba079c0a258435ea36025f6190cd424562,242,22.4,53,61122.789668997,39.459664003002175,0.00045602366436595906,0.02405297407397555,0.01895913839858,0.0006455802200241704,0.7063779995441707,1732057554.0,1734467652.0,politics,79,3.283399025587026,0.30363864491844417,False
0x8c544d302252df77f939723de189dc39fdac7e8c,879,4.5,6,203416.0126239793,374.6329230207217,0.0010922270895537235,0.058151363840789484,0.018782484492437572,0.001841708124095629,0.5930511329476067,1730793659.0,1731002632.0,econ,41,3.110078268822134,0.5887474882786337,False
0x4f2ba33b080882c0f6b296f48cfd07b6c326f448,22,4.1,6,3166.7929770072965,4.6070229927039135,0.0010284387285790138,0.05652427443632662,0.018194638300709685,0.0014547913381624564,0.7069321225668239,1749027109.0,1749236389.0,politics,79,3.283399025587026,0.2268041237113402,False
0xe8bfa2f6d21d1f491042051969ce48bdf055d806,103,3.7,12,1068.3641809996573,2.4464420003425915,0.0011123969591653334,0.06529618211319534,0.017036171536597932,0.0022898951910325944,0.4857850977291735,1739287583.0,1739904913.0,other,130,3.4128501352853964,0.412,False
0x4ce73141dbfce41e65db3723e31059a730f0abad,443,6.4,10,122384.62236699562,185.2994070043656,0.0012556354954468914,0.07405871814281115,0.016954593961855866,0.0015140742637478341,0.8293090540610503,1731414351.0,1732123913.0,econ,41,3.110078268822134,0.4305150631681244,False
0xf5266589958c3129380e69b81a8c1a4b59d035b1,350,5.4,18,1778.0848550009493,3.225349999050736,0.0008888753920483424,0.05400583861429867,0.016458875833714068,0.001813946049863303,0.490023058908134,1749415003.0,1751201642.0,other,130,3.4128501352853964,0.43424317617866004,False
0xd16896480f5768b7b34696a1f888f36ae109f3cf,470,29.7,30,9363.247687000197,6.729561999803508,0.000668492318922964,0.0442651494171878,0.015102000732508402,0.0007187209208559908,0.930113900297761,1753741541.0,1754144534.0,sports,100,3.344949318503044,0.9832635983263598,False
0x5d1048f76c13558f9c3a25685d960357957edca1,120,17.0,30,3545.3373360053843,3.8749699946154337,0.00039357492563727445,0.029083366426728915,0.013532646801009992,0.0010929763876803482,0.36009462791100966,1742782357.0,1742946382.0,weather,68,3.244008488272625,0.5970149253731343,False
0x32cf8efc13583788ed0bbaeb4dccaccaa846b8d3,1556,2.7,6,626417.5788889964,1512.8265010035884,0.0008544133477319342,0.07302050008885705,0.011701006521349722,0.0024150447752228025,0.35378778749686307,1728929521.0,1733900750.0,politics,79,3.283399025587026,0.9020289855072464,False
0x19bcf846e97dff8fcd9290187b33528f7a620358,719,5.2,9,3624.121631999611,3.9376160003885112,0.0005460165802966342,0.05488073902333214,0.009949147734043802,0.0010865021652752668,0.5025453218110257,1755502666.0,1755547117.0,crypto,106,3.3600869433674596,1.0,False
0x397f5e73ccde28e90bc2a28ab8a25a82157854e9,751,4.5,7,36537.02043999999,34.73956000000008,0.000558492326207797,0.05789013885095554,0.00964745183364815,0.0009508044055493894,0.5873892915810498,1733110218.0,1733729206.0,politics,79,3.283399025587026,0.7399014778325124,False
0xdaaf186a5449a6282ef24107beee45f939eae00e,75,9.7,13,2897.6120780003153,2.6379399996842725,0.0005016189771188866,0.05272226260299821,0.009514367410520816,0.0009103841123911775,0.5509970684806381,1754938862.0,1754956400.0,crypto,106,3.3600869433674596,0.9493670886075949,False
0x571080e37b2d37f65830e8795e38e3ca9a28ce1d,12,6.0,6,64.023571,0.02642899999999937,0.0003438280976597127,0.06063305097618643,0.0056706382430722615,0.0004128010916479396,0.8329147006058525,1729240020.0,1729293742.0,econ,41,3.110078268822134,0.015727391874180863,False
0x228281cbae85e092daef8c9409c8e1c963f61051,48,2.1,6,4197.197048999339,2.802951000660663,0.00016936282815134055,0.07496061180119751,0.0022593576023699816,0.0006678149650679181,0.25360741674022835,1731650325.0,1734942945.0,other,130,3.4128501352853964,0.15737704918032788,False
0x874762caf2bc52448a4f3ba0d4fbe89a430899c8,13,1.1,11,11510.397402999699,5.523414000301508,0.000250882715568113,0.11988202956809536,0.0020927466482839837,0.00047986301488270626,0.5228215298681369,1728889927.0,1733167811.0,other,130,3.4128501352853964,0.021346469622331693,False
0x18a7cd9f73c2e2f8aa069cb2486ae7c213bbd21a,137,4.7,14,2568.0801629998855,0.20365300011384602,2.8221047533894887e-05,0.054998984077073154,0.0005131194331580226,7.930165228018044e-05,0.35586960324845673,1742599124.0,1742898866.0,weather,68,3.244008488272625,0.6462264150943396,False
0xecdbd79566a25693b9971c48d7de84bc05f7da79,241,2.3,6,108756.47490598849,3.1750940114990094,2.170273095055903e-05,0.07201004622484122,0.0003013847662699078,2.9194528548701407e-05,0.74338350469867,1729519029.0,1730908084.0,politics,79,3.283399025587026,0.8925925925925926,False
0xdc4bc68529c164cfe402ae1215876badc02a5a92,39,21.7,36,519.9999629944796,-0.09342899447961628,-9.033164809831099e-05,0.11607237720598872,-0.0007782355309050254,-0.00017967115601623252,0.5027609890268081,1759789506.0,1763789577.0,sports,100,3.344949318503044,0.30952380952380953,False
0x8e095c686c4e78658fab5dede0c6b7e1e27f3cb2,131,7.1,16,4150.7440399958905,-0.7127149958902521,-0.00012958396758744838,0.1162035085780937,-0.0011151467728735785,-0.00017170776829952583,0.7546773734861141,1737631557.0,1739272750.0,entertainment,39,3.096787450821222,0.15005727376861397,False
0x874762caf2bc52448a4f3ba0d4fbe89a430899c8,503,1.0,6,501351.0496770006,-503.751344000679,-0.0005029031219175224,0.12499213761280323,-0.004023478048478538,-0.0010047876519361529,0.500506869235967,1728889661.0,1733167836.0,politics,79,3.283399025587026,0.825944170771757,False
0xe34fa89ce3a484cb9543a6f116133ffad8b9d79c,387,7.0,11,62499.64286184343,-46.194140843433985,-0.00036220435894191095,0.04737837791099973,-0.0076449294997458905,-0.0007391104769277955,0.4900544238629364,1751851849.0,1751914528.0,crypto,106,3.3600869433674596,0.9148936170212766,False
0x4fadc974fb701b133055866022c89c5e0f7a1480,11,4.6,5,100.57284499999982,-0.07284499999980887,-0.00045322780511681507,0.05658060042477414,-0.008010303915374618,-0.0007243008786299025,0.6257452096070172,1763519861.0,1763997043.0,other,130,3.4128501352853964,0.55,False
0x260d1ae03c985f7c78ad286b5da14940b4739679,114,9.0,17,1221.2904089959168,-3.7886619959167662,-0.0009615576076641162,0.08541056447713218,-0.011258064076154931,-0.003102179439066923,0.3099619562797872,1742465963.0,1754422601.0,crypto,106,3.3600869433674596,0.12751677852348994,False
0x039aed386655452cfd036d656da2d9d8e499e3a0,1478,2.9,5,110167.64429600001,-469.65429599999993,-0.0020202502353128004,0.07348214822003163,-0.02749307531488402,-0.0042630873974043235,0.4738936941670197,1733063840.0,1733254934.0,politics,79,3.283399025587026,0.9892904953145917,False
0x676146d7f28f2cef63419a60bb1fb4afec5da94f,771,7.9,23,924156.8346772632,-7671.245806263014,-0.0036165441920701378,0.12060840422046536,-0.02998583900885795,-0.008300805143038291,0.435685952115533,1730826799.0,1733788093.0,other,130,3.4128501352853964,0.4589285714285714,False
0x1150f5d8a5e9fe401c7b1b76858fedc442a8ef2f,277,3.1,5,2673.421260999998,-11.568483999998007,-0.002170657972245892,0.07109422656870397,-0.03053212724873255,-0.004327220767171873,0.5016286639945486,1750078559.0,1751369891.0,crypto,106,3.3600869433674596,1.0,False
0x27413e568158d9e582851f3a837b8a1a4d200865,598,14.5,46,7453.048032990574,-16.357042990573525,-0.0010370389158451511,0.03273349065231824,-0.03168128101155342,-0.002194678327332633,0.47252433440008806,1746646038.0,1751325224.0,other,130,3.4128501352853964,0.9692058346839546,False
0xe59b9db1a289d3eb1061afeba78a4b8ae779488e,131,4.1,7,4652.908103037947,-19.522042037946065,-0.0020195315681503625,0.06184564249444073,-0.03265438738601344,-0.004195664647921987,0.4813376991773122,1740954928.0,1743899216.0,weather,68,3.244008488272625,0.13519091847265222,False
0x3d6989543c6d69357277bc9f3b37d4e070cb9829,621,3.8,16,83071.82528207693,-359.0462870769361,-0.0021368130231892873,0.06397933172335955,-0.03339848925632203,-0.004322118670894327,0.49439017895988047,1736648734.0,1737340234.0,sports,100,3.344949318503044,0.9951923076923077,False
0x96a45b19604cd6238a38e5b818fa166f5a5d4d01,56,2.5,6,2554.8059749989884,-13.805974998988452,-0.002766325266743793,0.07887049592073574,-0.03507427250773127,-0.005403923090086682,0.5119105547261628,1736383719.0,1737572381.0,sports,100,3.344949318503044,0.28717948717948716,False
0xfdbbe3f360ab7877f2db6da8c016123ea12a81c4,281,6.0,6,1247.8010090002754,-2.071009000275452,-0.0013738699698447082,0.03865786601042947,-0.035539208746650765,-0.0016597269799731307,0.8277686549789953,1733677884.0,1733846373.0,weather,68,3.244008488272625,0.9894366197183099,False
0x0054c4a7d35537869f23042ae7cb540c5c7a7f85,14,6.0,6,102.37490199998854,-0.17710099998852424,-0.0014237810988275632,0.039072284122208145,-0.036439668957523416,-0.0017299259538098907,0.8230300815430328,1741556790.0,1741605865.0,politics,79,3.283399025587026,0.03899721448467967,False
0x571080e37b2d37f65830e8795e38e3ca9a28ce1d,10,4.7,6,320.6958710020799,-2.2171010020799606,-0.004199303307428506,0.10610368716330865,-0.039577355129658986,-0.006913406758721821,0.6074144707500027,1729252344.0,1729282815.0,weather,68,3.244008488272625,0.01310615989515072,False
0x6f7a85bd0b2986281efa4ed6f41e364426c6c585,377,15.6,30,3914.704807004068,-13.792130004067223,-0.0014219648838451518,0.031055075068797736,-0.04578848644529139,-0.0035231596465181165,0.4036050098525786,1742533689.0,1749194700.0,other,130,3.4128501352853964,0.42598870056497173,False
0xe27b91bb3b8f991f49e5e1e8d90524e73e9f858f,48,2.6,6,1938.4563510008024,-17.896254000802436,-0.004661481943094946,0.07800173770819567,-0.0597612576342022,-0.009232219230297762,0.5049145635317199,1742870458.0,1744052013.0,weather,68,3.244008488272625,0.0821917808219178,False
0x182b2bd1f035abe76eeb2244b32d9ebac27ef022,70,2.1,15,15297.44250900314,-169.44312400314126,-0.005600316745455563,0.08549566788793557,-0.06550409960883916,-0.011076565504555248,0.5056004718387145,1728094924.0,1731319901.0,politics,79,3.283399025587026,0.09695290858725762,False
0xaaec89fcb2ff14b335ddd738edf355ac07038dc8,16,3.1,9,1887.886102999796,-15.926102999796015,-0.005133594050403216,0.06912738738251378,-0.07426281022305484,-0.008435944824473204,0.6085381255114826,1748994500.0,1753296163.0,other,130,3.4128501352853964,0.06751054852320675,False
0x6f7a85bd0b2986281efa4ed6f41e364426c6c585,59,1.2,5,4768.575964989937,-127.71596498993699,-0.00841000088310084,0.10693430205999142,-0.07864642795707151,-0.026782831169641752,0.3140071648823127,1742535279.0,1742753502.0,crypto,106,3.3600869433674596,0.06666666666666667,False
0x6b7ec4ba079c0a258435ea36025f6190cd424562,265,10.5,56,26369.055910827366,-172.53353982736525,-0.003087868268743938,0.03845280634240778,-0.08030280654284715,-0.006543030604160593,0.4719324202427571,1732057970.0,1737399552.0,other,130,3.4128501352853964,0.3324968632371393,False
0xce20665dadd8bb0f0efeba25bdd1ed3ef30f9ae3,11,4.2,5,0.6400000000000001,-0.6400000000000001,-0.0010000000000000002,0.012140836146812542,-0.08236664986723674,-1.0,0.0010000000000000002,1757051306.0,1757053208.0,sports,100,3.344949318503044,0.033950617283950615,False
0xe6a3779a7bc509595d2343fa9645f29243c7fc02,328,10.8,23,4428.232541988045,-29.375117988045634,-0.0033310727818921613,0.03798812014182415,-0.08768722351766803,-0.006633598779990388,0.5021516815186383,1743056599.0,1746577524.0,other,130,3.4128501352853964,0.9318181818181818,False
0xc390fa385403669645a20d81fc672a25d1ad28bd,270,1.4,12,12800.455476988082,-240.2529579880835,-0.009408395267192927,0.10676994932566297,-0.08811838280915572,-0.018769094460739804,0.501270601353353,1742596740.0,1742740895.0,other,130,3.4128501352853964,0.26548672566371684,False
0x397f5e73ccde28e90bc2a28ab8a25a82157854e9,218,3.1,6,48299.42630976526,-1074.0763097652637,-0.005570450691427221,0.06181564536795444,-0.09011392922082105,-0.0222378688905484,0.2504939083346602,1733259858.0,1733826840.0,weather,68,3.244008488272625,0.2147783251231527,False
0x524ca810884fc7f073a3978b93f72f45fba764c8,77,7.4,12,2910.3480830022827,-33.308123002283054,-0.005888711823336628,0.06510215802546976,-0.09045340434080236,-0.011444721405256365,0.5145351830610785,1750810411.0,1751053083.0,sports,100,3.344949318503044,0.34375,False
0x8c544d302252df77f939723de189dc39fdac7e8c,48,2.0,6,16614.0978700009,-455.7828700008996,-0.007713864490232729,0.07972573653374795,-0.09675501068550738,-0.02743350096810733,0.2811841076791636,1731050016.0,1734433836.0,politics,79,3.283399025587026,0.032150033489618215,False
0xb2a0e9c29ef2e4398e96a9f5016b7afdfc20ca0c,62,3.5,18,265.31989699998604,-3.4098969999860094,-0.006497933646108987,0.06687158622154635,-0.09717032320096694,-0.012852021422223713,0.5055962352251268,1756832066.0,1760258855.0,other,130,3.4128501352853964,0.49206349206349204,False
0x5b1f39b4a2ef6da99df6fd11384f99eb78271e95,33,3.0,6,2184.416138037681,-31.613034037680933,-0.007392354795215418,0.07531342492943179,-0.09815454286061229,-0.01447207493443981,0.5108013072557772,1750791909.0,1751448497.0,politics,79,3.283399025587026,0.1,False
0x8c544d302252df77f939723de189dc39fdac7e8c,451,7.1,43,78383.0718859849,-1523.20323098489,-0.0036831675749583255,0.03676800991498936,-0.1001731555086639,-0.01943280856867314,0.18953346665987406,1730816107.0,1758796885.0,other,130,3.4128501352853964,0.30207635632953783,False
0x4a64afa45a44a01890c2161be88d2b44751d4430,1029,13.5,70,627202.087253869,-7980.161275869144,-0.0054757181209505144,0.05461343949570107,-0.10026319842722117,-0.012723429079787262,0.4303649658132932,1737682097.0,1742687146.0,sports,100,3.344949318503044,0.8393148450244698,False
0x58caa2f2787c73901336ce36282a7b28c1a6cc33,159,17.7,63,9024.848285004606,-124.53212800460531,-0.007268433422715622,0.07027517261414887,-0.10342818313123903,-0.013798805705301866,0.5267436601359562,1748875629.0,1754930954.0,crypto,106,3.3600869433674596,0.4162303664921466,False
0x1ae46943746903fd1f966a8d1fa55210ae684f84,113,4.9,12,1526.0939150006209,-18.467063000620968,-0.005908467108533425,0.056716466500261804,-0.10417551503329552,-0.012100869297164751,0.48826798831037593,1738728714.0,1739727546.0,other,130,3.4128501352853964,0.42641509433962266,False
0xf24078110fa3ac7ed759e4b1ef96c17b68e52392,642,5.8,17,39686.17729086625,-585.5031448662464,-0.006296967425088372,0.05419748068305378,-0.11618561131859546,-0.014753326846649943,0.426816777703141,1737970628.0,1739715635.0,entertainment,39,3.096787450821222,0.7328767123287672,False
0x571080e37b2d37f65830e8795e38e3ca9a28ce1d,525,24.0,50,27940.581033004884,-289.91910600488023,-0.00885574186070691,0.06754451515682602,-0.13110971098312715,-0.010376273337423175,0.8534607341893838,1729239344.0,1729515504.0,other,130,3.4128501352853964,0.6880733944954128,False
0x1a4249cd596a8e51b267dfe3c56cacc25815a00b,26,4.3,5,391.84206900006893,-7.742069000068952,-0.00940212550369532,0.06935981780718622,-0.13555579874549767,-0.01975813628134857,0.47586095013277174,1764632918.0,1764718395.0,crypto,106,3.3600869433674596,0.9285714285714286,False
0xf78dd17e5abbb6f3ef76858061b58891f1766fb5,296,3.8,55,4050.8620180000207,-144.2250520000212,-0.014034276704480415,0.10205132179435375,-0.1375217533464314,-0.03560354595124609,0.3941819930997415,1727826904.0,1734158257.0,other,130,3.4128501352853964,0.1754593953764078,False
0x1ae46943746903fd1f966a8d1fa55210ae684f84,47,3.1,5,693.7364620001453,-13.393606000145315,-0.009851115014671043,0.07127371029318103,-0.1382152686333986,-0.01930647549002911,0.51024926946188,1738996876.0,1739614651.0,entertainment,39,3.096787450821222,0.17735849056603772,False
0xe27b91bb3b8f991f49e5e1e8d90524e73e9f858f,171,18.4,51,974.751325997462,-8.081169997461805,-0.0040396578831079265,0.029102362043203208,-0.13880859145078842,-0.008290493977212446,0.48726383424334874,1743698447.0,1748661736.0,other,130,3.4128501352853964,0.2928082191780822,False
0xf5266589958c3129380e69b81a8c1a4b59d035b1,69,3.5,7,413.45376000000005,-8.14376,-0.009353977625140704,0.06694161047271333,-0.1397333819590965,-0.019696906372311137,0.47489577542441025,1749430506.0,1749604991.0,politics,79,3.283399025587026,0.08560794044665013,False
0x83424da14fc31af4182fbad0a0d73796f5c813c9,1711,96.1,370,666343.8301131004,-1791.3290401003374,-0.001792250041573208,0.012018654725578481,-0.14912235042070762,-0.0026882953801737612,0.6666864269421776,1733189576.0,1747704398.0,sports,100,3.344949318503044,0.9489739323349973,False
0x8e095c686c4e78658fab5dede0c6b7e1e27f3cb2,16,3.2,8,326.27470000000005,-6.274699999999987,-0.011204821428571404,0.06933688920995842,-0.1615997134604955,-0.019231340952884136,0.582633392857143,1735903999.0,1738361883.0,politics,79,3.283399025587026,0.018327605956471937,False
0x63e975a9904e09249a37f771a877c55de7cde1a1,2710,6.6,17,1146319.5978996537,-19058.102403653753,-0.008241405351300803,0.0487784441152567,-0.16895588821626834,-0.016625470277724465,0.4957096078264324,1751297231.0,1751477115.0,crypto,106,3.3600869433674596,0.9948604992657856,False
0xd5b46deba2062678c416f1cf05f464933f42770d,118,9.4,37,5618.113743000899,-90.5805020008996,-0.007246920983423404,0.04289093905440423,-0.16896158356969473,-0.01612293843529702,0.44947892175523896,1738834887.0,1751218155.0,other,130,3.4128501352853964,0.5989847715736041,False
0x028f0762a67dd4df3cbfd71f05dc6c579a71f5ab,2414,8.5,19,1042839.4198716412,-15948.514902641278,-0.008062422896078246,0.04281184545977971,-0.1883222460861357,-0.01529335638712652,0.5271846605801292,1753692347.0,1753718419.0,crypto,106,3.3600869433674596,0.9564183835182251,False
0x0c2780245abb1df334641d97d5348f3e202cc8b4,1686,5.7,14,177787.6648468641,-3614.0512848640897,-0.010007696803228265,0.0521953112987891,-0.19173555160807015,-0.020327907945565417,0.4923131701514552,1736796168.0,1736999417.0,sports,100,3.344949318503044,0.7908067542213884,False
0xbd7844c20bbf02a47fb376dd56177b85f7cae773,612,13.3,56,24093.748765981552,-621.5243889815533,-0.005997188297537708,0.02892868219325738,-0.20730941898679078,-0.02579608491058461,0.23248443778679573,1734641204.0,1737453898.0,other,130,3.4128501352853964,0.5,False
0xc6208602d8a6295983ebfe0b0aeb51ce92a82da3,676,2.5,6,281951.6008058833,-10110.395682883254,-0.01656985355800101,0.07925232313904151,-0.20907719675208258,-0.03585862131651457,0.46208841694562913,1732030324.0,1732496624.0,other,130,3.4128501352853964,0.24917065978621453,False
0xdd31ff903bd520af3d3d232089e3c7528cb3f196,542,7.2,14,10936.812871001317,-217.19853200131712,-0.009921924338081018,0.04662384997321649,-0.21280791577230884,-0.01985939912871816,0.4996084863279263,1734023829.0,1737642788.0,entertainment,39,3.096787450821222,0.3808854532677442,False
0xc7d88a8f8331b719d1a23bfde4f60fea4f71a0a6,657,19.4,62,260428.1140441552,-2917.572530155175,-0.0073058675242616885,0.0323743085255281,-0.22566868164924037,-0.011202986055724019,0.6521357330913441,1736702067.0,1745868474.0,other,130,3.4128501352853964,0.5049961568024597,False
0x58caa2f2787c73901336ce36282a7b28c1a6cc33,10,2.7,5,177.23,-7.229999999999998,-0.018074999999999994,0.07554015133471653,-0.23927672476998516,-0.04079444789256897,0.443075,1748824617.0,1750412925.0,entertainment,39,3.096787450821222,0.02617801047120419,False
0xe3fe586991d69e709fc2e2ad22ebc557df65978f,98,10.0,16,724.2372680001745,-16.327255000174567,-0.010612080585254204,0.03945504531010463,-0.2689663768434806,-0.022544069080094112,0.4707260498338527,1738364493.0,1738757231.0,sports,100,3.344949318503044,0.15883306320907617,False
0x5d1048f76c13558f9c3a25685d960357957edca1,49,7.2,14,589.0762030090237,-23.836203009023727,-0.01161427155098874,0.04214361799721013,-0.27558790874949546,-0.04046370043004197,0.2870293973994976,1742789111.0,1743608942.0,other,130,3.4128501352853964,0.24378109452736318,False
0x4ce73141dbfce41e65db3723e31059a730f0abad,53,6.3,9,13449.14378,-157.56377999999984,-0.009923589688682859,0.03578628849423466,-0.27730144997522155,-0.011715524986379455,0.8470460948374134,1731412288.0,1731687651.0,other,130,3.4128501352853964,0.05150631681243926,False
0x58caa2f2787c73901336ce36282a7b28c1a6cc33,70,6.0,22,3202.8769360038627,-243.4733530038624,-0.04403235914359213,0.15491182942629997,-0.28424142498775884,-0.07601708022776457,0.5792429676549153,1749582698.0,1756117773.0,politics,79,3.283399025587026,0.18324607329842932,False
0xe8bfa2f6d21d1f491042051969ce48bdf055d806,12,4.6,5,145.0446,-4.784600000000005,-0.016847776330152487,0.0579898746932094,-0.29052962123619414,-0.0329870950038816,0.5107384062819114,1739473391.0,1739904889.0,weather,68,3.244008488272625,0.048,False
0xecdbd79566a25693b9971c48d7de84bc05f7da79,28,5.3,8,3232.423851941374,-138.12385194137386,-0.016519492206915082,0.05288377572610156,-0.3123735395232312,-0.04273073652096012,0.38659507305267254,1729598564.0,1756824426.0,other,130,3.4128501352853964,0.1037037037037037,False
0xfad4fb17d54b6d600d6cc912d433e73c252ca210,242,2.5,16,8803.588370939653,-552.9979669396537,-0.024148628407307658,0.07703011294028124,-0.3134959496428267,-0.06281506399879863,0.38444008284015296,1755296208.0,1770511403.0,other,130,3.4128501352853964,0.9918032786885246,False
0x7dc37204d50aac034d4d4366e7d5700eabf67865,649,9.1,98,9792.307983031504,-492.1323240315038,-0.01087713860553727,0.03459641560660725,-0.31440073819265674,-0.050257030812785916,0.21643018757029334,1733458273.0,1742683232.0,other,130,3.4128501352853964,0.5058456742010912,False
0x0f99b597864d8a3977ebf7f225b7394a52f59b59,94,4.9,6,16047.303352040271,-459.20335204027367,-0.02339761160767008,0.07110008896703439,-0.32907992025886773,-0.028615608614508434,0.8176520696403161,1736844779.0,1738343820.0,politics,79,3.283399025587026,0.07448494453248812,False
0xe27b91bb3b8f991f49e5e1e8d90524e73e9f858f,365,37.8,79,11250.687999011834,-190.8504810118338,-0.008484971868185299,0.02502015890456634,-0.3391254188492279,-0.016963449793345662,0.5001914098577839,1742848030.0,1754319327.0,sports,100,3.344949318503044,0.625,False
0x6356fb47642a028bc09df92023c35a21a0b41885,22,3.4,10,1751.5603979207597,-162.6803979207596,-0.01867778133426343,0.05441795291943798,-0.34322829750532136,-0.09287741268521145,0.20110143892108473,1730371268.0,1731367899.0,other,130,3.4128501352853964,0.03138373751783167,False
0x0f99b597864d8a3977ebf7f225b7394a52f59b59,1035,10.4,19,72093.72933497967,-2374.7680099796708,-0.013166142531695057,0.03792012219556675,-0.34720728123693423,-0.03294000784652765,0.3997006495274092,1737931023.0,1739700007.0,entertainment,39,3.096787450821222,0.8201267828843106,False
0xc7b236995b438747166b8c4338861d0c752bece3,152,9.0,32,36640.695901677085,-2178.385920677081,-0.03211765942968214,0.09092511381326918,-0.3532319958998505,-0.059452635029712236,0.540222639646349,1733326386.0,1737560653.0,other,130,3.4128501352853964,0.11828793774319066,False
0x10ea0c4de504ff1678dbf1b22adfb1a4042b1c57,786,11.8,15,10426.803093995217,-690.5728589952159,-0.026098730742527856,0.07323480592044672,-0.35637058656068954,-0.06623054571663639,0.39405882074699766,1754178786.0,1754438895.0,crypto,106,3.3600869433674596,1.0,False
0x18a7cd9f73c2e2f8aa069cb2486ae7c213bbd21a,13,3.9,6,52.10791400025588,-3.062201000255885,-0.021726102448081444,0.06090880701359879,-0.3566988669344775,-0.05876652441394695,0.36970201428017807,1742552370.0,1744920819.0,sports,100,3.344949318503044,0.06132075471698113,False
0x4f2ba33b080882c0f6b296f48cfd07b6c326f448,10,7.4,9,2518.813650961686,-163.6336509616861,-0.045250850729903015,0.1251654831040396,-0.36152819138076403,-0.0649645720711457,0.6965465835801508,1748870561.0,1748984250.0,crypto,106,3.3600869433674596,0.10309278350515463,False
0xce20665dadd8bb0f0efeba25bdd1ed3ef30f9ae3,280,20.0,46,6187.552198003496,-166.41133800349593,-0.009787148113729065,0.026875011869032527,-0.36417279223629206,-0.026894534814137158,0.3639084364673389,1756346785.0,1759174613.0,other,130,3.4128501352853964,0.8641975308641975,False
0x8e095c686c4e78658fab5dede0c6b7e1e27f3cb2,89,20.8,40,2867.659997000012,-117.45166500001206,-0.030653130242770606,0.08382604346623912,-0.36567549863087756,-0.04095731890213049,0.748416426280679,1735772727.0,1739272244.0,sports,100,3.344949318503044,0.10194730813287514,False
0x40e3d20ac91108af67d4a9ddb144cbd63f740787,1590,23.4,72,781752.0464327259,-20685.60717072585,-0.013232665564368709,0.035870590313406635,-0.3689001337517158,-0.026460573100023168,0.5000899078923247,1741913537.0,1742524939.0,sports,100,3.344949318503044,0.9642207398423287,False
0x9304c4a06dbf0893ee8bc556697a92374a80f693,135,4.5,8,4726.404298985385,-312.84507398538483,-0.028742397441673312,0.07221166254435968,-0.39802985319742273,-0.06619092531981302,0.4342347127313812,1750809717.0,1750869875.0,sports,100,3.344949318503044,0.4804270462633452,False
0xc7b236995b438747166b8c4338861d0c752bece3,58,2.4,6,9107.06028192443,-1178.6309619244312,-0.05557349900398114,0.13536590808961926,-0.4105428005343014,-0.12941947515860436,0.4294059988720823,1733135952.0,1734109105.0,weather,68,3.244008488272625,0.045136186770428015,False
0xfe911a4e80ee71b47cd1ee690733ac4062e970ff,90,2.6,32,6073.556488001359,-485.8862620013591,-0.041677278951416846,0.10119471351454364,-0.41185233401967203,-0.08000028697539141,0.5209641180941893,1732180084.0,1733849964.0,other,130,3.4128501352853964,0.2830188679245283,False
0x0054c4a7d35537869f23042ae7cb540c5c7a7f85,126,13.7,28,1109.9857399988414,-70.93665199884128,-0.043340518343204654,0.0988022013225787,-0.43865944040763283,-0.06390771470533967,0.6781734966276839,1741568032.0,1741877679.0,other,130,3.4128501352853964,0.35097493036211697,False
0x20322d5ab3ce70a98ef4c484c62a94147217d577,81,5.9,17,15740.264384157488,-974.6864141574881,-0.03381850174175118,0.07323369132817595,-0.46178884511232937,-0.061923128504658795,0.5461368402794256,1755695255.0,1763590073.0,other,130,3.4128501352853964,0.9418604651162791,False
0x4f2ba33b080882c0f6b296f48cfd07b6c326f448,22,5.2,8,2967.658376012756,-109.67171101275594,-0.02519435773149713,0.051014228305419136,-0.49386923155359747,-0.03695563879563088,0.6817459676674771,1749185660.0,1749407148.0,entertainment,39,3.096787450821222,0.2268041237113402,False
0x224b255eaa3279ceb77330317d3c38ee8e73f6b8,70,5.1,8,19703.90278003213,-1487.904431032131,-0.0447027344628987,0.08895051295158302,-0.5025573544160562,-0.07551318374042976,0.5919858261646153,1754914492.0,1763208735.0,other,130,3.4128501352853964,0.8860759493670886,False
0xe074c509878d13ed51f5c2d081657d7bcb3816c0,1480,6.3,10,4113.849845000078,-220.8016990000786,-0.0257761497022874,0.04966717104325436,-0.5189776095731193,-0.053672765735102906,0.4802463474586583,1751305726.0,1751316174.0,crypto,106,3.3600869433674596,1.0,False
0xf78dd17e5abbb6f3ef76858061b58891f1766fb5,1078,5.6,12,85177.0616497498,-5099.897554749804,-0.027949859582170094,0.05253897716325386,-0.5319833215504322,-0.05987407238489524,0.4668107324067898,1727724147.0,1733806875.0,econ,41,3.110078268822134,0.6390041493775933,False
0xfe911a4e80ee71b47cd1ee690733ac4062e970ff,58,4.1,9,6632.899064980527,-346.5690649805272,-0.03474418558428227,0.0634006898843112,-0.5480095823512463,-0.05225001339313229,0.6649603192034593,1732202894.0,1736115751.0,sports,100,3.344949318503044,0.18238993710691823,False
0x1ae46943746903fd1f966a8d1fa55210ae684f84,85,11.7,17,1054.4686039977619,-47.31754999776181,-0.02011623961387777,0.03642111400548202,-0.5523235673365158,-0.04487336068458444,0.44828912537385224,1738599544.0,1739935725.0,sports,100,3.344949318503044,0.32075471698113206,False
0x66e7b0fea3f0ec588e377f7ba181cd29ed9c24c2,37,4.8,9,4162.273729964481,-268.78045896448185,-0.03753315236635452,0.066696822197699,-0.5627427384036506,-0.06457539229808787,0.5812299551057611,1745332551.0,1749926208.0,sports,100,3.344949318503044,0.8604651162790697,False
0x93b4ad1fc1181bf2f672a152e34276ca393bcbfd,85,6.1,21,4157.496630014242,-230.26649401424262,-0.04088944121702817,0.07259730318208868,-0.5632363658808263,-0.05538585223422149,0.7382650905886692,1738346239.0,1738565330.0,entertainment,39,3.096787450821222,0.3333333333333333,False
0x7dc37204d50aac034d4d4366e7d5700eabf67865,488,6.0,25,11177.81694100316,-1281.8272930031621,-0.04066552045149028,0.06869741204840125,-0.5919512720921583,-0.1146759961957405,0.35461231469991583,1733913855.0,1739255338.0,entertainment,39,3.096787450821222,0.3803585346843336,False
0xbd7844c20bbf02a47fb376dd56177b85f7cae773,607,6.6,22,48003.11491423453,-2949.269900234534,-0.02883659952904947,0.04851442656507738,-0.5943922575353535,-0.061439135887408354,0.4693522965865701,1734640407.0,1739041462.0,entertainment,39,3.096787450821222,0.4959150326797386,False
0x260d1ae03c985f7c78ad286b5da14940b4739679,185,10.7,13,2526.3186699998455,-137.42809499984523,-0.025458909168634494,0.04224551978112068,-0.6026416363330428,-0.05439855891175187,0.46800705161942313,1741032512.0,1741162647.0,politics,79,3.283399025587026,0.20693512304250558,False
0xf24078110fa3ac7ed759e4b1ef96c17b68e52392,225,8.2,14,13883.293435076355,-1322.4534380763557,-0.0360309513031016,0.05932556747017455,-0.6073427164639574,-0.09525502318744893,0.37825775583716553,1734095019.0,1737266547.0,other,130,3.4128501352853964,0.2568493150684932,False
0xf5266589958c3129380e69b81a8c1a4b59d035b1,359,13.1,30,1479.4399859998778,-63.76838699987813,-0.021767312100207086,0.034532397057751046,-0.6303446605170218,-0.04310305764568094,0.5050062174043525,1749420390.0,1749590158.0,crypto,106,3.3600869433674596,0.445409429280397,False
0x3e215743c4fe6bd6e50206a0301235b0a395b2f5,1916,4.6,13,554810.8051831285,-39216.57592512852,-0.03753997845427312,0.05825303074111352,-0.6444296198271166,-0.07068459294368674,0.5310913862683005,1746461197.0,1747147265.0,crypto,106,3.3600869433674596,0.8858067498844198,False
0xfcb034faade540c47ad37e582f6e0c762feac865,731,21.3,34,312379.6161993101,-12429.014219310111,-0.017324249043119515,0.026854245689906485,-0.6451214174163551,-0.039788173026564976,0.43541202637157544,1752423089.0,1755605772.0,sports,100,3.344949318503044,0.6627379873073436,False
0xd5b46deba2062678c416f1cf05f464933f42770d,61,6.9,12,17475.385173021434,-1216.3815770214342,-0.06050947126175799,0.08957882864989622,-0.6754885297534876,-0.06960542299801716,0.8693212203233319,1748102987.0,1762484779.0,weather,68,3.244008488272625,0.3096446700507614,False
0x410005f9ad15667d651f1175e85f79ceb6f40609,1017,2.2,6,157762.36692053554,-138029.77971553552,-0.014973088647589125,0.0219376485954421,-0.6825293322776638,-0.8749220895314073,0.017113625117875862,1726077105.0,1726676165.0,econ,41,3.110078268822134,1.0,False
0xe3fe586991d69e709fc2e2ad22ebc557df65978f,102,9.3,16,744.5757380001007,-46.453248000100686,-0.028232776175408876,0.04084094622797962,-0.6912860445938188,-0.06238888219064479,0.45252896323958147,1738359943.0,1738655625.0,weather,68,3.244008488272625,0.16531604538087522,False
0x843a6da3886cf889435cf0920659a00a68db8070,57,4.9,11,11773.467768997245,-495.41294799724403,-0.03457443419227287,0.04981460959391937,-0.6940621330593186,-0.04207876198564042,0.8216599671841952,1753537143.0,1760465365.0,other,130,3.4128501352853964,0.6404494382022472,False
0x0054c4a7d35537869f23042ae7cb540c5c7a7f85,188,21.9,27,2450.6764990003344,-143.26318900033496,-0.04905438668401237,0.06974141425669705,-0.7033752786179244,-0.05845862930451002,0.8391299499769128,1741546367.0,1741812233.0,weather,68,3.244008488272625,0.5236768802228412,False
0x524ca810884fc7f073a3978b93f72f45fba764c8,110,6.5,14,5518.286214994679,-294.03891399467875,-0.03393856419718923,0.047127653777191025,-0.7201411799034839,-0.053284462338270056,0.6369317190766476,1750810549.0,1751451397.0,other,130,3.4128501352853964,0.49107142857142855,False
0x1f6535f7592cc8f3af8f20dcd92c0ca1a4151592,81,14.9,20,14957.911717000412,-2229.241728000414,-0.06530283547000792,0.08836789035077583,-0.7389882819516082,-0.14903428835368573,0.4381732297404763,1744310834.0,1755316208.0,sports,100,3.344949318503044,0.25961538461538464,False
0xfa1c66c8d0ec9115a5bfda4a9af57c44d3ba33c1,288,5.2,11,42710.891999927175,-4744.67426792717,-0.04040078356681908,0.0525634624010005,-0.7686096334104902,-0.11108815680869555,0.36368218473903663,1724166103.0,1728129110.0,econ,41,3.110078268822134,0.6414253897550112,False
0x42a6ddf7cf7032972b0bfe32775e8109c5171b64,78,7.4,18,2054.0238729381695,-694.6538729381697,-0.04418778217437315,0.05623048841772635,-0.7858331559582042,-0.33819172312953943,0.13065896990461726,1741797515.0,1745863070.0,other,130,3.4128501352853964,0.7878787878787878,False
0x1ae46943746903fd1f966a8d1fa55210ae684f84,19,3.4,5,503.895359997922,-52.065359997922,-0.0576160945465352,0.06711615610417782,-0.8584534319442162,-0.10332573810192797,0.5576160945465352,1738609595.0,1739029425.0,weather,68,3.244008488272625,0.07169811320754717,False
0x260d1ae03c985f7c78ad286b5da14940b4739679,553,25.2,53,7628.0725549961935,-344.3302859961935,-0.021358757736079103,0.02486488132181569,-0.8589929491173391,-0.04513988081703102,0.47316823503930394,1740805309.0,1746295647.0,other,130,3.4128501352853964,0.6185682326621924,False
0x3e215743c4fe6bd6e50206a0301235b0a395b2f5,247,2.7,10,52392.02252380122,-8554.246053801226,-0.09755115368649726,0.1108208557173916,-0.8802598847934011,-0.16327382761211612,0.5974696319256146,1746546980.0,1746619055.0,other,130,3.4128501352853964,0.11419325011558021,False
0xb2c72925a836d013efd18186c20acdc539291b5b,741,15.7,26,21186.114638044724,-1345.6985380447256,-0.031922809528908885,0.035981247324257004,-0.8872068619863521,-0.06351794847877405,0.5025793542368047,1737032650.0,1745746045.0,sports,100,3.344949318503044,0.801948051948052,False
0x58caa2f2787c73901336ce36282a7b28c1a6cc33,12,7.6,10,399.77000000000004,-59.77000000000001,-0.10673214285714287,0.11394585777243622,-0.9366917318776079,-0.14951096880706408,0.713875,1748875167.0,1751915388.0,weather,68,3.244008488272625,0.031413612565445025,False
0x182b2bd1f035abe76eeb2244b32d9ebac27ef022,503,12.7,50,53955.3106378977,-3896.320177897698,-0.035327303245996436,0.03505763441929434,-1.0076921569629262,-0.07221384015461417,0.48920405244145104,1727808814.0,1733281538.0,other,130,3.4128501352853964,0.6966759002770083,False
0xc20382d42afcfad758215706b91ed728da4b74f3,1753,6.0,10,3975.5990529998808,-1065.889760999881,-0.11593631437537316,0.11461379146920304,-1.011538950847163,-0.268107962294535,0.4324239883931876,1738025816.0,1738038482.0,sports,100,3.344949318503044,0.7818911685994647,False
0xa6e99b1a63da99ec0f81d50ca0110c85693d7415,132,3.8,5,698.5878019997874,-100.0282069997874,-0.06582451398549316,0.06389696630449139,-1.0301664976051654,-0.14318630630744658,0.45971235436548075,1754774109.0,1754783691.0,crypto,106,3.3600869433674596,1.0,False
0x1dbd30000dd7dd051e8fc803fac38e8246d9af92,50,4.8,16,8067.614459038502,-2232.1408320385017,-0.16573640446652443,0.16068562496935743,-1.0314326779270404,-0.27667916499625694,0.5990201845114236,1730788001.0,1730957499.0,other,130,3.4128501352853964,0.102880658436214,False
0xd5b46deba2062678c416f1cf05f464933f42770d,18,5.1,7,148.09103199960478,-29.481031999604774,-0.09530940575406441,0.09178721074154092,-1.0383734834523022,-0.19907371568376572,0.4787643884914778,1740439658.0,1748655390.0,crypto,106,3.3600869433674596,0.09137055837563451,False
0x5d1048f76c13558f9c3a25685d960357957edca1,15,6.1,10,148.14766100000702,-98.14766100000705,-0.1467442224252973,0.14033993320665206,-1.0456341190444693,-0.6624988902119919,0.22150108414270833,1742835848.0,1743612642.0,sports,100,3.344949318503044,0.07462686567164178,False
0xc7b236995b438747166b8c4338861d0c752bece3,1074,66.7,144,186987.68566298726,-10517.650794987272,-0.02690358850803068,0.025453284450736163,-1.0569790535324242,-0.05624782593407518,0.4783045044187631,1733070139.0,1734313482.0,sports,100,3.344949318503044,0.8357976653696498,False
0x415c3009ba582ee5d126ec7460fb2b64a0ba3c94,16,3.3,8,65.48119699999975,-23.369656999999755,-0.10200557336602877,0.08890311249889433,-1.1473791017980095,-0.35689110875599667,0.28581707659119376,1745380789.0,1757911090.0,sports,100,3.344949318503044,0.03747072599531616,False
0x245927734a276792f8fd79ad11e24bd50d108d76,359,9.3,12,6702.744699000143,-679.8238970001433,-0.05105724212223448,0.04092114288067131,-1.2476983419334278,-0.10142470398754015,0.5034004548685377,1733969330.0,1735701321.0,entertainment,39,3.096787450821222,0.3160211267605634,False
0x8b3eeb3ea135c9b2246b1b78adce71a4c580662c,751,9.8,16,86084.38448404288,-12481.576562042887,-0.061231243061422275,0.04843007567893209,-1.2643226797198444,-0.14499234253520796,0.4223067369682211,1750884868.0,1753644785.0,crypto,106,3.3600869433674596,1.0,False
0xfa1c66c8d0ec9115a5bfda4a9af57c44d3ba33c1,50,4.9,7,2021.2009979940171,-460.4438479940168,-0.09960907642953362,0.07339208480897526,-1.357218243476744,-0.22780705553331598,0.4372519375940318,1724169354.0,1726147285.0,other,130,3.4128501352853964,0.111358574610245,False
0x231786b506ac0fb5f271f8145599436efad3c891,1901,19.8,44,369869.77390877926,-106224.48848177925,-0.1016866357170457,0.07423579668941305,-1.3697790048981515,-0.2871942937082967,0.35406913697362263,1736038546.0,1737920143.0,sports,100,3.344949318503044,0.9082656473960822,False
0x8e095c686c4e78658fab5dede0c6b7e1e27f3cb2,54,25.6,35,1977.87370000261,-294.4838710026098,-0.10893094465237407,0.06788695462807869,-1.6045931836117333,-0.14888911814855582,0.7316246211068762,1736571166.0,1738868623.0,weather,68,3.244008488272625,0.061855670103092786,False
0xf8ba34bf0e95d952d05b578bfbc0833f9242a286,25,2.9,6,10536.582811002216,-4706.586311002216,-0.31710248411868464,0.18012692055180607,-1.7604391567194044,-0.4466900128272741,0.7098938302014415,1731618058.0,1731986915.0,politics,79,3.283399025587026,0.10040160642570281,False
0x397f5e73ccde28e90bc2a28ab8a25a82157854e9,26,20.4,25,75.29855800015105,-45.29855800015105,-0.13675037863596884,0.07121020358405772,-1.920376178598428,-0.6015859958441725,0.2273164262144676,1733231575.0,1734259712.0,sports,100,3.344949318503044,0.02561576354679803,False
0x323b16159312f463c45b3b02ab73c11ec17f9fe7,168,5.3,12,6980.384956987471,-3979.8924569874707,-0.24516562401930578,0.09788483827870498,-2.504633284689627,-0.5701537209639904,0.4299991651458324,1750973700.0,1751405232.0,crypto,106,3.3600869433674596,1.0,False
0x58caa2f2787c73901336ce36282a7b28c1a6cc33,12,2.2,5,192.95,-162.95,-0.25460937499999997,0.09490375453086547,-2.682816673150624,-0.8445193055195647,0.30148437499999997,1752442681.0,1754231017.0,sports,100,3.344949318503044,0.031413612565445025,False
0x7bda5bceac127c3fc41d7fe7ac335593aaaa121b,82,3.5,8,17559.19399709945,-15591.078636099452,-0.3476663040957586,0.10633027325178196,-3.2696831623155087,-0.8879153928520236,0.39155341476741273,1729441983.0,1731078928.0,other,130,3.4128501352853964,0.2907801418439716,False
