wallet,n_trades,n_eff,n_markets,total_stake,total_profit,edge_per_share,edge_se,t_stat,roi,avg_price,first_ts,last_ts,luck_expected_max,luck_threshold,t_needed,clears_luck
0xfe911a4e80ee71b47cd1ee690733ac4062e970ff,318,6.1,50,103944.0023618343,33782.814486165684,0.22355010019073845,0.07253343984081258,3.0820281056759278,0.3250097525450868,0.687825821964301,1732176996.0,1736115751.0,0.08995093067326028,0.09602762892632646,3.6954900664036154,False
0xa9d71818dadc207f9ea3d3f46ff0b12e497025e9,738,23.7,73,39821.02677798698,7888.001021013022,0.11639211185916669,0.05779374532316502,2.013922288793319,0.1980863292398452,0.5875827590213849,1744030187.0,1751925229.0,0.06272724912711553,0.06696483246658066,3.6954900664036154,False
0x17525891a4ed52520ad75dac8ed5f32a58be7993,117,9.8,28,42464.097567245575,5530.93917075443,0.11487192832179094,0.050850647008957854,2.259006228604232,0.1302497754013425,0.881935711350232,1752949854.0,1753236777.0,0.10326812825939448,0.11024447914197433,3.6954900664036154,False
0xb74711992caf6d04fa55eecc46b8efc95311b050,395,6.2,17,61983.24529195739,12997.372039042612,0.10119358156724126,0.1279356354709075,0.7909725948893468,0.20969169939104623,0.48258267666823146,1755239440.0,1760336611.0,0.08703407006997292,0.09291371775780574,3.6954900664036154,False
0xdc4bc68529c164cfe402ae1215876badc02a5a92,126,42.1,106,2213.345555004432,382.7287229955681,0.07831519886000424,0.07604246587834965,1.0298876812502429,0.17291864893405753,0.4529019821908839,1759345915.0,1763789605.0,0.15350796115170343,0.16387829920579994,3.6954900664036154,False
0x22271273b28d0d198a8e5ff9e7f9f75d0c24b572,259,7.5,38,51227.94902123053,11186.605850769467,0.07429524756393405,0.05070189839098796,1.4653346308851367,0.21836919229644297,0.34022769779299245,1749146006.0,1754355285.0,0.1019092219097396,0.10879377092012955,3.6954900664036154,False
0x6f72fea92844c87b9d6683c415e7caef70ee83ad,538,2.6,21,319109.002567162,50331.94378483799,0.06832000453298138,0.07676581148244034,0.8899795783258166,0.1577264927655708,0.43315490844347593,1736764649.0,1738865013.0,0.0739510206102739,0.07894683370960963,3.6954900664036154,False
0x03626d34381b0337387b0e8464c898f772009661,542,15.5,145,270663.59789936244,27713.526917637508,0.05924165087590768,0.035541489676244424,1.666830833922648,0.10239103866468918,0.5785823803381135,1737923473.0,1755100963.0,0.0734210850253442,0.07838109795430839,3.6954900664036154,False
0x415c3009ba582ee5d126ec7460fb2b64a0ba3c94,427,33.6,130,1728.2991560034188,314.4972029965814,0.05583226813160097,0.045207538616746167,1.2350211898269352,0.18196919318287236,0.30682263934363646,1745380789.0,1758025046.0,0.07725621785020843,0.0824753158688176,3.6954900664036154,False
0x2ff0e36eb9632a47c3eb75224bba1f141a6346e3,1350,12.9,26,650349.9353578406,60408.31700615928,0.05163016134613199,0.0778718781049237,0.66301420490419,0.09288586608826362,0.5558451842078006,1741309591.0,1741745894.0,0.04681216442996586,0.04997459305282371,3.6954900664036154,False
0xaaec89fcb2ff14b335ddd738edf355ac07038dc8,237,12.2,36,12121.815961028562,1190.518732971437,0.04634637075738491,0.035770450925380635,1.295660791474681,0.09821290281909369,0.4718969649309118,1748964538.0,1753296163.0,0.11225100694694119,0.11983420250382909,3.6954900664036154,False
0xb2d62e284ac9f13f09dcdd8accab61bfdd7af3bd,651,27.5,94,172558.15863935853,10389.031704641444,0.04524521403242042,0.036617966112694536,1.235601504823476,0.06020597221574561,0.7515070742531333,1732397407.0,1745509488.0,0.05862927877614636,0.06259002085241983,3.6954900664036154,False
0x1f6535f7592cc8f3af8f20dcd92c0ca1a4151592,312,5.8,34,63073.64230596826,6426.786249031745,0.04337716259181294,0.09494571422134125,0.4568627762459121,0.10189337438062648,0.42571131690835895,1744310834.0,1756679376.0,0.09690070227092887,0.10344689722192435,3.6954900664036154,False
0x7789806c754eb0af4c3abeb026c218b4ba78f823,135,3.1,44,355960.4832890802,16548.873776919834,0.04288663509516325,0.050341647463623275,0.8519116329308255,0.04649076106428442,0.9224765117495578,1727478940.0,1728352700.0,0.07967258752345285,0.08505492509125027,3.6954900664036154,False
0x2370d48501dbbe1974b6cf228e77d459f4870e10,201,1.7,36,28424.26703686998,2229.361545130027,0.04251560534025594,0.09608389763571018,0.4424841871158102,0.07843162823647323,0.5420722009247388,1735916531.0,1736953379.0,0.12164955885649445,0.1298676801839404,3.6954900664036154,False
0xb46d7cfe0fca9b242c4acb02bac3f20ddd1c7093,273,11.6,23,8718.40188199452,814.5677470054823,0.04121636443721662,0.04322855064597723,0.953452378608769,0.09343085556628787,0.44114296275467807,1750783755.0,1751459531.0,0.10402559560606954,0.1110531177268772,3.6954900664036154,False
0xf323f1a3599b55ad945e6b28a97a9161f0d4c700,1635,5.0,12,481395.40826523636,42153.81834476364,0.03940575667467109,0.05537349888769824,0.7116356644644946,0.08756589203181178,0.45001262204187203,1748448160.0,1748556315.0,0.042590361386889465,0.04546758314212924,3.6954900664036154,False
0x727bfdcb0ae1a00eca35c4d0a9b85f4e42d4d1a2,228,2.9,12,24443.762330116613,2360.7730428833884,0.037192458468000476,0.10230285622050839,0.3635524934693329,0.09657977405445203,0.38509572870848946,1754353423.0,1755638195.0,0.11155837433959005,0.11909477861456898,3.6954900664036154,False
0x2b064e1415c2fd4239c16e5ccf1d2730bab91dad,709,27.8,47,128857.78617242158,7109.5564545784355,0.03712190182606838,0.02922366689130308,1.2702684424970572,0.0551736659907016,0.6728192002381086,1745512234.0,1752685126.0,0.06099601607490476,0.06511664475047395,3.6954900664036154,False
0xa1d75a199ef084ee3ec9ae60dc986b439fe6e17e,242,2.7,28,223544.6450311455,8819.228465854503,0.03470166609914749,0.04965836771736913,0.6988080296286058,0.039451754546058385,0.8795975362422639,1729216016.0,1734121396.0,0.07241582800764843,0.07730793009324954,3.6954900664036154,False
0xf43aed2df92d16c4b5ea38b8f8fa872c1bb4cafc,208,7.1,21,3630.997831003307,289.2300199966926,0.034682172949008334,0.04648765036021076,0.7460513207329822,0.07965579530979047,0.43540049803188097,1754688797.0,1762169847.0,0.11900481495233044,0.1270442687491355,3.6954900664036154,False
0xf6129c47f5ef4cab25f3aa67b5e3aaac77b15700,535,8.1,101,62547.860044946035,3554.2718640539792,0.03210377244273507,0.06459872147680777,0.49697225748130275,0.05682483559789141,0.5649602344635087,1737946933.0,1745025581.0,0.07419557793673523,0.0792079122779009,3.6954900664036154,False
0x5b1f39b4a2ef6da99df6fd11384f99eb78271e95,330,14.0,35,11132.628500029143,714.643183970856,0.0305044421616122,0.03555512349974756,0.8579478612084918,0.06419357153335217,0.4751946563023593,1750791637.0,1751452435.0,0.09516109334299797,0.10158976779193465,3.6954900664036154,False
0x397556667841b00e71794c3106c465e10850626a,423,27.3,64,3501.962607998754,234.79978200124623,0.03001923520095381,0.026480480807399825,1.1336363346002805,0.06704805512912826,0.44772715842599137,1739134473.0,1751140905.0,0.0836941058584761,0.08934811991987064,3.6954900664036154,False
0x53d2d3c78597a78402d4db455a680da7ef560c3f,49,11.1,23,13991.026386001744,573.1300589982562,0.029124405239801688,0.06823781835353568,0.4268073913047754,0.040964118227357675,0.710973566626197,1738708826.0,1741064567.0,0.2241707597655175,0.23931477277416321,3.6954900664036154,False
0x026985b67ade7ba199698b9d7d0451a22214cb2d,1660,26.3,83,787805.4030142707,48796.11914472946,0.026313017405807673,0.04205287071200062,0.6257127506469786,0.06193930500860698,0.4248193841075753,1738194914.0,1738791692.0,0.04199830217721425,0.04483552695701179,3.6954900664036154,False
0x2c3c884a0ebe1c609ef0a9516347bdac3ec6c31e,1084,47.0,150,70141.13956508637,3598.67378791364,0.026126512029503515,0.0216432228669085,1.2071451738109558,0.051306177946742755,0.5092274083761134,1730562746.0,1749229809.0,0.05256091165335188,0.05611170092960377,3.6954900664036154,False
0xf5201f998333d228dafba270d01d8ff82b2c0637,672,18.4,37,135863.02816977343,7655.060576226557,0.022993443731038593,0.05039702340766361,0.45624606725368827,0.056343956699248965,0.408090682267351,1753561626.0,1753765771.0,0.06563005768232266,0.07006374229105078,3.6954900664036154,False
0xc7d88a8f8331b719d1a23bfde4f60fea4f71a0a6,1301,34.4,94,462598.26738974534,13091.558890254579,0.01977399271303074,0.02212667608738674,0.8936720831875357,0.02830006036149885,0.6987261673806356,1736702067.0,1745868474.0,0.04403287644009829,0.047007548312176725,3.6954900664036154,False
0x3cf3e8d5427aed066a7a5926980600f6c3cf87b3,445,5.9,35,66802.62288970088,2150.2458192991135,0.019565724075865102,0.05045214332030711,0.38780758929601017,0.03218804481448919,0.6078568670023023,1731409947.0,1735161937.0,0.080116959672068,0.08552931711224461,3.6954900664036154,False
0x76bc5994bf0a12d08a791b897d1fe1affea7205b,432,24.3,49,23334.63691697766,910.6012830223438,0.019533538495814295,0.025851427063503934,0.7556077445098188,0.03902358910756458,0.5005571999533941,1756136889.0,1756425549.0,0.08327398655098668,0.08889961915770596,3.6954900664036154,False
0xb9cc124e6ee0ba7f340394fb8b207a988d7b387a,672,6.9,79,79555.9280273551,3307.7676686449063,0.01893292762554264,0.04749963386328038,0.39859102240741173,0.041577890556534505,0.45536046615445924,1748476100.0,1751950043.0,0.06650114162508503,0.07099367292093064,3.6954900664036154,False
0x325f64edd42ac179213e12bc2a8c4f00764dd8ac,1107,26.6,54,111374.20413600068,4258.065784999271,0.018212191830799224,0.024195370678560653,0.7527139002229429,0.03823206475890669,0.47635909662860787,1750796203.0,1751341433.0,0.05196269861661051,0.055473075191313684,3.6954900664036154,False
0xc6208602d8a6295983ebfe0b0aeb51ce92a82da3,2713,9.6,26,1276313.4288828205,40367.92578017947,0.017673199227884465,0.04000497206784398,0.44177506730695093,0.03162853642895085,0.5587738549832956,1731934920.0,1734387955.0,0.032999340153328095,0.03522863373774319,3.6954900664036154,False
0x93b4ad1fc1181bf2f672a152e34276ca393bcbfd,255,4.4,58,38364.13449001297,793.809502987027,0.017434439427063884,0.0432053545292686,0.40352497085177885,0.020691448237772005,0.8425915492583796,1738343776.0,1738975370.0,0.07894669913742666,0.08427999880584637,3.6954900664036154,False
0xdeb685282cc10b004960152eee8b01b8f08c8f5d,469,9.8,28,21724.32926899274,754.0364750072623,0.01709290004723744,0.03996613834763376,0.42768455382303516,0.03470930980978561,0.4924586556434041,1750768667.0,1751454005.0,0.07991267598027392,0.08531123289227628,3.6954900664036154,False
0xd9a0cdd2f18d42f7cf0540d38036c597925288ee,1170,16.6,100,570668.8298246248,19776.324707375035,0.016689165829994447,0.0703303480976654,0.2372967898128239,0.03465464324282894,0.4815852730917356,1745435350.0,1746480827.0,0.05056660866019243,0.053982671398053766,3.6954900664036154,False
0x6deeeebac39ce765a734ca44947760deb62af4e6,457,23.3,43,3954.321662001581,117.10504899841948,0.013946834715988192,0.025832695567523184,0.5398908015438438,0.029614446928716405,0.47094699251210037,1748901967.0,1749312241.0,0.08082747322798185,0.08628782991009722,3.6954900664036154,False
0x7a70d883f9df9d9acf7b155fdf29d3f8e01652cc,1587,11.4,44,483813.45617552975,10059.57363847027,0.013591168337441607,0.038580132860796576,0.35228412474577947,0.020792256829707957,0.6536648930780115,1730528802.0,1734631319.0,0.04134460718934171,0.04413767114544224,3.6954900664036154,False
0x684bc3eb000bff0979d14b60cc74861736150601,738,3.0,56,284000.63763620047,6464.252434799514,0.01252977053123845,0.07183961277480107,0.17441311342415078,0.022761401131359788,0.550483270292856,1732176196.0,1737394815.0,0.06338672388886438,0.06766885850870721,3.6954900664036154,False
0x52f6b822c02565697e8dd77e3a85c7941755a3f4,528,21.1,39,6077.963936998195,140.41198200180534,0.010597060746124891,0.027106459327438027,0.3909422701842216,0.023101812293929547,0.4587112305864191,1759341133.0,1759886160.0,0.07506694267045273,0.08013814266776596,3.6954900664036154,False
0xab2437eea4d7d420729382e36044b878a5198c8e,693,22.3,64,6497.040324001506,135.16680799849354,0.01000897395707569,0.026431063821381297,0.3786822212195248,0.020804366489639507,0.4810996750158252,1750676969.0,1751233291.0,0.06570136319665516,0.07013986489944929,3.6954900664036154,False
0xe59b9db1a289d3eb1061afeba78a4b8ae779488e,969,19.5,78,62538.13400605585,1212.9702229441566,0.009414160640436464,0.028292432727367218,0.33274482725305427,0.01939568940171287,0.4853738604210213,1740948402.0,1744160839.0,0.05557810296628701,0.05933272071927894,3.6954900664036154,False
0xf9b6943d8cce124603a8c7ef8a02191a487761ce,769,6.8,36,1056669.393436151,18187.513141848664,0.009277623884190603,0.04763489060609303,0.19476530262051012,0.017212113130962603,0.539017133666245,1737739636.0,1741738686.0,0.06222458401965557,0.06642820946499424,3.6954900664036154,False
0x4ddbeee0f6a5e7090dde6679bf54ef14376fca89,1112,8.2,21,17386.287524996897,187.42093200310657,0.005391323603289407,0.0437847954812112,0.12313232353918191,0.010779813213927625,0.5001314490610805,1751903925.0,1753710980.0,0.05190379231739121,0.05541018943570764,3.6954900664036154,False
0x0f1b8f81fdcb47b6c3292b8dbf6c2c16b3c4d367,1839,11.0,25,480488.6364349124,4783.06339008754,0.004746283509338764,0.03766256473869919,0.1260212506043659,0.009954581705774554,0.47679386734909146,1753708342.0,1753724155.0,0.04031738663142809,0.04304105598179117,3.6954900664036154,False
0x01eabc42e75188605c10559c18dd6478699fa907,970,13.3,84,294592.4434114251,1769.107803574895,0.0043551577825582735,0.030633907975365846,0.14216788096577357,0.006005272175648359,0.7252223804640577,1729979731.0,1733992283.0,0.049616017838511356,0.052967862746248484,3.6954900664036154,False
0xe34fa89ce3a484cb9543a6f116133ffad8b9d79c,423,7.6,12,65684.15582882463,587.2155361753694,0.004348237851647452,0.045272211199585424,0.09604650924775837,0.008939987562688254,0.48638074954322835,1751851849.0,1751914528.0,0.08412404485229513,0.08980710374416681,3.6954900664036154,False
0x148487d3f19011b864bbcae6c83766888b0fcafe,455,16.8,53,418712.5334529711,2822.038885028971,0.0043386461961846074,0.05914097414159273,0.07336108779333277,0.006739800363167148,0.6437351200927566,1745289478.0,1755475380.0,0.0777169779040632,0.08296720289149176,3.6954900664036154,False
0x1f56b47b0be856bb5fdfe242933f377dad33ccd7,388,22.1,42,5695.81562599315,44.85768100685046,0.003516664854795564,0.026414040778632658,0.13313619390034145,0.00787555004451691,0.4465294277755146,1758285062.0,1759416811.0,0.08736509269950168,0.09326710285339825,3.6954900664036154,False
0xdc2a9a1aedee7c326bd65522890be2a53db697aa,501,23.3,94,75435.32086010472,315.5832328952873,0.0030395141161889063,0.023062199782868123,0.13179636568957423,0.004183494274260971,0.7265491278163269,1735604324.0,1737481551.0,0.06893420655635563,0.0735911052612629,3.6954900664036154,False
0xc390fa385403669645a20d81fc672a25d1ad28bd,1017,6.1,33,31244.818636984044,193.06662501595446,0.002993099010595354,0.05070789534598431,0.059026291471440166,0.006179156527009706,0.48438633938341275,1742596458.0,1742859874.0,0.05424743013215818,0.05791215334791707,3.6954900664036154,False
0x36f1041eb0c2028be32155b48a457466af77ec06,191,7.9,16,1398.1503500001872,8.574627999812932,0.00292785016224201,0.04437581067990019,0.0659785166148675,0.006132836858218992,0.4774055188372111,1759884842.0,1760384195.0,0.12510968719391044,0.13356155991965749,3.6954900664036154,False
0xa9f9c0ca31912bee7ecd8aa25bfad07adcd6b3de,758,4.6,27,33991.31741300745,180.22640099254926,0.002769295521594762,0.05820404060785997,0.047579094040093015,0.005302130505938616,0.5222986341986549,1736144866.0,1738691395.0,0.0628036057300095,0.06704634739337348,3.6954900664036154,False
0x4a9a87962893e6e119f1cc7f67c61d0287e0f675,79,4.4,16,49300.01885899889,119.28113700111146,0.002242577680286858,0.04468217408443805,0.05018953813771351,0.0024194947539931556,0.9268785049381436,1730613306.0,1733161075.0,0.10139157880953444,0.10824115807698582,3.6954900664036154,False
0xb0b6b3ba2db9ea8b02a63d8d1b34876118b77c80,2794,5.2,21,299774.9991437939,1272.3190422061646,0.002124445161611822,0.05478430255858245,0.03877835552145783,0.004244246671137068,0.5005470525686166,1726137623.0,1733841237.0,0.03274447549651827,0.0349565515201676,3.6954900664036154,False
0x0710ac955e0127fda1a4dab675f0f6dcd7b842a2,834,32.2,71,8815.55421700606,32.925886993940985,0.0018566899064871355,0.02204261757361883,0.08423182502196425,0.0037349764045944782,0.4971088717463327,1739575022.0,1741143788.0,0.059932337075279445,0.06398110816949323,3.6954900664036154,False
0x96a45b19604cd6238a38e5b818fa166f5a5d4d01,195,5.3,15,22693.444763991632,56.92967400836732,0.0017763389978519488,0.049604471977457446,0.03581005758229216,0.0025086395917599666,0.7080885607030288,1736356505.0,1737572381.0,0.1127024962552879,0.12031619248927578,3.6954900664036154,False
0x4ce73141dbfce41e65db3723e31059a730f0abad,1029,12.4,32,181568.4497049874,350.440206012574,0.0016504935666453583,0.050516932766225195,0.03267208589807439,0.001930072138534914,0.8551460506021415,1731410867.0,1732661008.0,0.03798036419053992,0.04054615434968588,3.6954900664036154,False
0x766f37ff68fb7e85b122ceb8ab3b1af67d6a9e74,823,3.3,15,26812.614544984623,65.48141601537515,0.0013674481934508184,0.06803364610550673,0.020099587067995396,0.0024421869007035584,0.559927740606943,1726035153.0,1739734636.0,0.05989761994055384,0.06394404569436526,3.6954900664036154,False
0x463e797dccfe0fd56839bc855f1e94b3f6ef664e,2439,4.0,10,3379870.605725,4874.024275000005,0.0013043805299770464,0.03694899607662246,0.0353021913578411,0.0014420742222332802,0.9045169172755939,1735299944.0,1736083491.0,0.02059904837759966,0.021990631548047018,3.6954900664036154,False
0x2fb0f88ef5ba40e799b996e6f07b590d92b4abf8,2002,38.0,176,5354197.188163353,6690.691831646588,0.0012386645812406836,0.004053710770484854,0.3055631374244616,0.0012496162536631736,0.9912359715309513,1734936859.0,1736193971.0,0.007210906677369556,0.007698044538883876,3.6954900664036154,False
0x6b7ec4ba079c0a258435ea36025f6190cd424562,797,40.3,148,113238.80883390481,205.42065909517765,0.001037036892607983,0.019486847858870893,0.05321727249673673,0.0018140482155413903,0.5716699720125611,1732057554.0,1737399552.0,0.060675628723713584,0.0647746134069114,3.6954900664036154,False
0xd02d57013f7a73e8a6023a21eb1db4338e8617e8,674,27.3,69,3230.1332169991115,4.6366530008889555,0.0007045213153118308,0.02391058850068553,0.029464825396983925,0.0014354370824360434,0.4908061272293494,1751263076.0,1751448255.0,0.06665736149276313,0.07116044633141158,3.6954900664036154,False
0x6356fb47642a028bc09df92023c35a21a0b41885,701,4.5,29,333551.4408768704,194.68799712954313,0.000542485161774331,0.030129154524521917,0.01800532309437379,0.0005836820749978762,0.9294189165845207,1730357522.0,1734918217.0,0.03348670372700609,0.03574892149969373,3.6954900664036154,False
0x32cf8efc13583788ed0bbaeb4dccaccaa846b8d3,1725,3.8,11,675345.368437951,646.9745420490821,0.00027159689950662417,0.0581552289249708,0.004670206007735367,0.0009579906404711272,0.2835068402892292,1728929521.0,1733900750.0,0.037564251556217454,0.040101930934306,3.6954900664036154,False
0xd0e1ae8ad003030299df6e9be78588b127957c9f,420,20.2,44,3927.6833509982825,2.0798730017173637,0.00026615532279800096,0.02780217714553071,0.00957318275489034,0.000529541924806319,0.5026142602313278,1750960354.0,1751391791.0,0.08445413488910165,0.09015949324508118,3.6954900664036154,False
0x18a7cd9f73c2e2f8aa069cb2486ae7c213bbd21a,212,8.8,35,4009.973827007403,2.0809279925964823,0.00018616915217787257,0.040351565017038744,0.00461367860451661,0.0005189380485681261,0.35875024522013305,1742304861.0,1752818628.0,0.11403108945715618,0.12173453973736015,3.6954900664036154,False
0xe3fe586991d69e709fc2e2ad22ebc557df65978f,617,42.5,75,5205.135458999444,1.6549890005549326,0.00015298976787416643,0.019155336914212603,0.00798679598063625,0.000317953108731019,0.4811708508992509,1738359537.0,1751239092.0,0.06963069848183341,0.07433464918759436,3.6954900664036154,False
0x228281cbae85e092daef8c9409c8e1c963f61051,305,3.9,13,61264.22598811657,-53.41576411655841,-0.00026609268523702766,0.05834162635009783,-0.004560940479105815,-0.0008718916015835975,0.30519010018416215,1731250795.0,1734942945.0,0.09127456983293522,0.09744068745842017,3.6954900664036154,False
0x8c544d302252df77f939723de189dc39fdac7e8c,1493,16.3,66,357635.34254878917,-576.8502767891198,-0.0006033242811303284,0.029926140809428865,-0.02016044383979635,-0.0016129565738051321,0.3740486823566635,1730793659.0,1758796885.0,0.04334968384739897,0.04627820216438364,3.6954900664036154,False
0xb608215c2fc76d2ad27be22b6424b5889b53ebdf,1135,8.7,15,134981.6156771498,-274.8723961497777,-0.0010009269508885416,0.0424630013903653,-0.023571742884751622,-0.002036369136425363,0.49152530009640893,1750487375.0,1751406756.0,0.051367824938230805,0.0548380144040831,3.6954900664036154,False
0x20cc8d7e69a24d156cf8c17d32152a536befebc0,1782,14.9,27,649337.1412133852,-1270.4686383850458,-0.0010585616742019063,0.03614372295271954,-0.02928756607576469,-0.001956562404563802,0.5410313883844166,1735310671.0,1735438629.0,0.04086301138010606,0.04362354079330901,3.6954900664036154,False
0xecdbd79566a25693b9971c48d7de84bc05f7da79,270,2.6,15,112021.01915792986,-167.06915792987488,-0.0010796563046904647,0.06973449959794528,-0.015482384055456485,-0.0014914090157878038,0.7239169760014895,1729519029.0,1756824426.0,0.09418111870992617,0.10054359028473733,3.6954900664036154,False
0xe8bfa2f6d21d1f491042051969ce48bdf055d806,250,8.9,24,2566.4410040005787,-5.877421000578408,-0.0011332001512120208,0.0418395047846038,-0.027084454202933553,-0.002290105633216061,0.49482440232271524,1739287583.0,1739910567.0,0.10946070142463582,0.11685539593360789,3.6954900664036154,False
0xdd31ff903bd520af3d3d232089e3c7528cb3f196,1423,13.2,28,27682.86523299517,-63.76361999517347,-0.001150196735537567,0.03434437817096836,-0.033490102217364925,-0.002303360561072764,0.49935592150708524,1733496893.0,1737642788.0,0.04588267066919098,0.04898230668868097,3.6954900664036154,False
0x7662ec80b37fe6dbda60371f574fd08fc5a7356b,847,14.9,22,20578.97396501533,-64.63170001533088,-0.0015600739496349034,0.03242087437893077,-0.04811942859408945,-0.003140666785681641,0.49673335507838967,1745913479.0,1747317995.0,0.05947035418810984,0.06348791570414142,3.6954900664036154,False
0xf78dd17e5abbb6f3ef76858061b58891f1766fb5,1687,14.8,146,200686.1955726692,-580.2597666692136,-0.0018453415219977405,0.031247091571587563,-0.059056425068235066,-0.002891378577452276,0.6382220358095607,1727724147.0,1751910852.0,0.04049775103829549,0.043233605032752004,3.6954900664036154,False
0xd16896480f5768b7b34696a1f888f36ae109f3cf,478,30.5,33,9488.001387000197,-20.48413800019651,-0.0020027343626134587,0.044219941464115085,-0.045290298817756175,-0.002158951834499356,0.9276419837674966,1753741541.0,1754144534.0,0.04102051139134258,0.0437916808283449,3.6954900664036154,False
0x3d6989543c6d69357277bc9f3b37d4e070cb9829,624,3.8,17,83152.82528207693,-340.04628707693615,-0.002021932233178674,0.06392242343552863,-0.03163103218728824,-0.004089413509684211,0.4944308587014988,1736648734.0,1737340234.0,0.06928388991849063,0.07396441172834978,3.6954900664036154,False
0xdaaf186a5449a6282ef24107beee45f939eae00e,79,10.6,14,3113.0520770047074,-12.80205900470792,-0.002257932665341546,0.04855886795085244,-0.04649887364810177,-0.004112381896619509,0.5490571454945926,1754938862.0,1754956400.0,0.19379272870342026,0.2068845325030565,3.6954900664036154,False
0x86a23f3d2841fdf28e26f8dd801a7a190564be38,1533,17.2,55,93533.2292501661,-381.88655716610526,-0.0023547558020669207,0.029816425332345055,-0.07897512112266745,-0.004082897171706783,0.5767364944639439,1729982783.0,1739190512.0,0.04368220435645017,0.04663318632980099,3.6954900664036154,False
0x571080e37b2d37f65830e8795e38e3ca9a28ce1d,763,9.7,77,65144.482515006974,-165.8818180069606,-0.002360022817540344,0.07295806104811806,-0.032347663625323556,-0.002546367882632997,0.9268192681962479,1729239344.0,1731398101.0,0.03263736788547053,0.03484220817928279,3.6954900664036154,False
0x4a64afa45a44a01890c2161be88d2b44751d4430,1226,14.2,83,646622.6812168641,-3729.40848286415,-0.002496073029318118,0.05314183711547247,-0.04697001768859391,-0.005767518819237616,0.4327810810070393,1737682097.0,1742687146.0,0.04898304139068422,0.05229212513023827,3.6954900664036154,False
0x27413e568158d9e582851f3a837b8a1a4d200865,617,15.8,52,7782.6316559904035,-46.399026990402895,-0.002816853800809253,0.031435747835815625,-0.08960670557358055,-0.00596186856083429,0.472478346690533,1746646038.0,1751325224.0,0.0695744870589823,0.07427464036262092,3.6954900664036154,False
0x6f7a85bd0b2986281efa4ed6f41e364426c6c585,885,5.7,60,12830.45315099432,-126.12154899432083,-0.0036341049193123025,0.05047711192977037,-0.07199510392687467,-0.009829859281669004,0.369700604574196,1742533481.0,1749194700.0,0.05617051232816209,0.05996515071137387,3.6954900664036154,False
0xc2cb0630acff784ffabb2af7a69f66bb7bcbfbf5,388,8.2,51,15318.046708989887,-165.6622199898856,-0.00640175794864994,0.04282115978722003,-0.14949987297075834,-0.010814839720567076,0.5919420087637013,1751758521.0,1770224235.0,0.08637064375603415,0.0922054732136077,3.6954900664036154,False
0x4f2ba33b080882c0f6b296f48cfd07b6c326f448,97,21.7,39,14152.198912001533,-133.61840200153458,-0.006702161876299522,0.05357629203512033,-0.12509566492406982,-0.009441529392879134,0.7098597692609361,1748870561.0,1749407148.0,0.15950925456653695,0.17028501420923853,3.6954900664036154,False
0x245927734a276792f8fd79ad11e24bd50d108d76,1136,25.1,44,28685.85737899151,-394.5420779915075,-0.007230228566015746,0.024912581809986033,-0.2902239768307579,-0.013753888293415832,0.5256861486563732,1733827696.0,1759358787.0,0.05128478034682656,0.05474935967702227,3.6954900664036154,False
0x028f0762a67dd4df3cbfd71f05dc6c579a71f5ab,2524,8.6,20,1048705.5136516448,-14855.692905644622,-0.007469638111871748,0.04258664832416855,-0.1753985910093943,-0.014165743111158403,0.5273029486174918,1753692347.0,1753718419.0,0.03439999393634612,0.0367239096701121,3.6954900664036154,False
0xe27b91bb3b8f991f49e5e1e8d90524e73e9f858f,584,41.5,136,14163.895676010097,-216.82790501009796,-0.007653001343074404,0.02146908227711327,-0.35646616116575924,-0.015308493508417126,0.49991864574175937,1742848030.0,1754319327.0,0.07162177332908425,0.07646023249357323,3.6954900664036154,False
0x40e3d20ac91108af67d4a9ddb144cbd63f740787,1649,24.6,77,799352.3061831924,-12731.05278419247,-0.007927950325730706,0.03552237372921993,-0.22318188492030155,-0.015926710520148067,0.49777700898760363,1741913537.0,1742524939.0,0.04262229974086196,0.045501679114020054,3.6954900664036154,False
0x63e975a9904e09249a37f771a877c55de7cde1a1,2724,6.6,18,1149836.9555996526,-18740.880103652555,-0.008090810818941398,0.04869866861092641,-0.16614028780914314,-0.016298728278287926,0.49640749148014424,1751297231.0,1751477115.0,0.03316169625569373,0.03540195792055263,3.6954900664036154,False
0xce20665dadd8bb0f0efeba25bdd1ed3ef30f9ae3,324,25.6,61,6856.402549003497,-161.50168900349595,-0.008139829525179837,0.02351729751028693,-0.34612095720689484,-0.023554872668170343,0.34556881881086005,1756251301.0,1759174613.0,0.09145516881775653,0.09763348693441323,3.6954900664036154,False
0xf5266589958c3129380e69b81a8c1a4b59d035b1,806,17.8,60,3816.9965240007687,-64.70472000076884,-0.00836115050274166,0.029607942591228988,-0.28239552535536716,-0.016951736684567075,0.49323267924245673,1749415003.0,1751201642.0,0.06095989300810582,0.06507808136454467,3.6954900664036154,False
0x5d1048f76c13558f9c3a25685d960357957edca1,201,27.8,60,4611.296734013412,-113.38442801341095,-0.008432280341796926,0.02251685434975366,-0.3744874932714204,-0.024588404206798368,0.34293727526512324,1742782357.0,1743612642.0,0.11590288001146293,0.12373278041626627,3.6954900664036154,False
0x0c2780245abb1df334641d97d5348f3e202cc8b4,2132,6.8,16,214272.14724190277,-3702.2063729027805,-0.008481138789662413,0.047901274369061025,-0.17705455442204893,-0.017278056996942168,0.4908618365573968,1736796168.0,1736999417.0,0.03747877214495681,0.04001067690142452,3.6954900664036154,False
0xfcb034faade540c47ad37e582f6e0c762feac865,1103,27.1,55,391746.4939504901,-9021.9407824902,-0.010859102670958928,0.02496369342633337,-0.4349958351717307,-0.023030048569191316,0.4715188784050505,1752207563.0,1760089352.0,0.05203050250498508,0.05554545961895509,3.6954900664036154,False
0x0f99b597864d8a3977ebf7f225b7394a52f59b59,1262,14.7,29,98159.63105720436,-2610.1064492043497,-0.0116035877220142,0.03229206652084957,-0.35933246063773194,-0.026590426442039718,0.43638215984640316,1736844779.0,1739700007.0,0.048325646942961986,0.05159031993921245,3.6954900664036154,False
0x843a6da3886cf889435cf0920659a00a68db8070,89,5.6,13,16971.59441897893,-288.13011797892807,-0.01394923317773205,0.041029215872335295,-0.3399829336523484,-0.01697719795004758,0.8216451983875793,1753537143.0,1760465365.0,0.1404659481779158,0.14995522389212215,3.6954900664036154,False
0xf24078110fa3ac7ed759e4b1ef96c17b68e52392,876,10.3,33,54065.95374793362,-1883.4528659336245,-0.01444066544267854,0.04463484097279786,-0.3235289994979308,-0.034836209025640455,0.4145303362960589,1734095019.0,1740420102.0,0.05761821495667594,0.06151065390701698,3.6954900664036154,False
0x260d1ae03c985f7c78ad286b5da14940b4739679,894,47.4,91,11934.208382990175,-390.04722999017554,-0.014510741800080999,0.021006274183522012,-0.6907813195861113,-0.032683125471992744,0.443982684964317,1740805309.0,1754422601.0,0.05752278573935913,0.06140877790194801,3.6954900664036154,False
0x1ae46943746903fd1f966a8d1fa55210ae684f84,265,19.0,40,3778.52767099645,-131.5769089964501,-0.016295716647617767,0.028645930887523954,-0.5688667165888812,-0.034822269532765245,0.4679682532548509,1738599544.0,1739935725.0,0.10610492128911211,0.11327291371579797,3.6954900664036154,False
0x58caa2f2787c73901336ce36282a7b28c1a6cc33,382,40.2,143,17704.155307017634,-513.3455670176326,-0.016330534945854795,0.052173300444239366,-0.3130055949461772,-0.028995767271322505,0.5632040977927864,1748824617.0,1756440515.0,0.08784600060263509,0.0937804988274497,3.6954900664036154,False
0xbd7844c20bbf02a47fb376dd56177b85f7cae773,1224,17.9,80,72206.33918521683,-3580.275090216829,-0.017328563309853655,0.028192389578812316,-0.6146539391920417,-0.04958394416081735,0.34947932446945557,1734640407.0,1739041462.0,0.04717719132678859,0.05036427959785289,3.6954900664036154,False
0x7096a7c6ba4c3edae559c397a071d0ba27ace019,739,8.8,129,7044.910227997894,-259.5852649978947,-0.017456665732849114,0.05158564823946441,-0.3384015967350837,-0.0368472069333475,0.473758181031911,1743559202.0,1746067369.0,0.06358143353724408,0.06787672190403882,3.6954900664036154,False
0xb2c72925a836d013efd18186c20acdc539291b5b,924,26.8,44,30752.43440903612,-1150.894095036121,-0.018861785669030497,0.02416146015141744,-0.7806558689261983,-0.037424487431731546,0.5039958316980965,1737032650.0,1745773987.0,0.05693792611967472,0.060784407680176164,3.6954900664036154,False
0x9304c4a06dbf0893ee8bc556697a92374a80f693,281,6.9,22,11823.197278996802,-475.341062996802,-0.019002804126117434,0.0476884916898647,-0.3984777763511469,-0.04020410484406082,0.47265830690232713,1750809717.0,1751459299.0,0.10309747688651348,0.11006229929582786,3.6954900664036154,False
0x524ca810884fc7f073a3978b93f72f45fba764c8,224,14.9,29,10410.139665996965,-343.17240499696175,-0.01948628106064109,0.03180044102168016,-0.612767635749334,-0.032965206616572,0.5911166062840664,1750810411.0,1751451397.0,0.11370872816717519,0.12139040110418749,3.6954900664036154,False
0xf8b58c796a3916f94bb36c40f4a57f0cc097a5ca,285,4.2,29,84684.03582766298,-2940.8233626629863,-0.020115793793795092,0.059949387052202485,-0.33554627966886036,-0.0347270100429287,0.5792549882333211,1732486608.0,1760669971.0,0.10122864971385259,0.10806722219189455,3.6954900664036154,False
0x182b2bd1f035abe76eeb2244b32d9ebac27ef022,722,17.5,78,140301.09388080862,-5944.569225808651,-0.020194299255917317,0.02984969626849715,-0.6765328221188646,-0.04237008466134127,0.4766169201059615,1727766184.0,1733281538.0,0.06434391221531491,0.06869071036434708,3.6954900664036154,False
0x7dc37204d50aac034d4d4366e7d5700eabf67865,1283,17.9,143,24717.691315084856,-2104.131322084857,-0.024801420185168486,0.03285082927380083,-0.7549709012961843,-0.08512653124690231,0.29134771289146105,1733442412.0,1742683232.0,0.04391274336879208,0.04687929956692386,3.6954900664036154,False
0x994e3e768b592cd326a3dd6be283e95a833e9cf5,1134,43.6,75,233470.3432469583,-12682.330174958326,-0.025712957693378773,0.02677925702730994,-0.960181892543033,-0.05432094714292392,0.4733525287349163,1744761717.0,1745773399.0,0.05132480639941253,0.054792089717682686,3.6954900664036154,False
0x10ea0c4de504ff1678dbf1b22adfb1a4042b1c57,786,11.8,15,10426.803093995217,-690.5728589952159,-0.026098730742527856,0.07323480592044672,-0.35637058656068954,-0.06623054571663639,0.39405882074699766,1754178786.0,1754438895.0,0.06033453671390054,0.0644104786869824,3.6954900664036154,False
0x854fc44c7fc82782b7c8bdb87425aa74485f00a7,400,8.8,14,13773.284764121383,-920.7790771213838,-0.0267418966491552,0.0585237269411714,-0.45694110827966244,-0.06685254047167895,0.4000131701873617,1744075892.0,1745804491.0,0.08479290276930035,0.09052114682718858,3.6954900664036154,False
0x0054c4a7d35537869f23042ae7cb540c5c7a7f85,359,38.8,71,3906.583967998878,-149.71343599887715,-0.029946499928253285,0.05374855497943372,-0.5571591634363375,-0.03832336312882758,0.7814162819579618,1741546367.0,1741877679.0,0.07550651101880436,0.08060740636439846,3.6954900664036154,False
0x20322d5ab3ce70a98ef4c484c62a94147217d577,86,6.2,20,16258.894384152089,-957.3164141520881,-0.03238871270434362,0.07702877440992421,-0.4204755035044505,-0.05887955180305532,0.5500842263996809,1755695255.0,1763590073.0,0.18570024413933034,0.19824535446458558,3.6954900664036154,False
0x224b255eaa3279ceb77330317d3c38ee8e73f6b8,79,6.0,10,21731.976510032302,-1486.2888330323026,-0.039804982809038866,0.07779401489501189,-0.5116715323506351,-0.06839179272746662,0.5820140286080395,1754855202.0,1763208735.0,0.19209476455350616,0.20507186119329066,3.6954900664036154,False
0xb4c4ad0fc2c8ad8a12a2a865815e1ccedf478441,1262,38.9,90,56750.4147071993,-5061.1029871993005,-0.04113375961573934,0.04892734433627499,-0.8407110619580992,-0.08918177978631149,0.4612350158776823,1733494376.0,1751667257.0,0.04857498034094662,0.05185649722989085,3.6954900664036154,False
0x3e215743c4fe6bd6e50206a0301235b0a395b2f5,2163,5.3,23,607202.8277069298,-47770.82197892974,-0.04218727300390413,0.05401981401421318,-0.7809592419700708,-0.07867358286082723,0.5362317498433112,1746461197.0,1747147265.0,0.037117609976151954,0.0396251161688269,3.6954900664036154,False
0x4673ada08165c01e90c8f6f8d3f6dcd26f20d99b,952,60.2,79,37790.20533303381,-3237.5681020338143,-0.04515039050132266,0.05917297623235818,-0.7630238222939444,-0.08567214900004094,0.5270136331154841,1738227424.0,1760454387.0,0.05601421539191975,0.05979829502590777,3.6954900664036154,False
0xfa1c66c8d0ec9115a5bfda4a9af57c44d3ba33c1,1370,15.0,60,99348.32113486498,-11313.585131864986,-0.048915537401894686,0.03190239825891859,-1.5332871530503172,-0.11387796998106124,0.4295434613914324,1724166103.0,1733366174.0,0.046295208953072424,0.04942271428586714,3.6954900664036154,False
0x5314305babb27b745f0d401076b97fbb2dae910c,280,8.6,16,132058.81851949566,-18196.90434649565,-0.0548547261370383,0.06644253502293197,-0.8255965266542846,-0.1377939356909305,0.39809245495445117,1742940850.0,1743394261.0,0.1012649950904281,0.10810602290589337,3.6954900664036154,False
0x66e7b0fea3f0ec588e377f7ba181cd29ed9c24c2,43,6.0,11,4369.571081964791,-476.0778109647924,-0.05812113724394558,0.061244883691827956,-0.948995797533057,-0.10895298463727532,0.5334515381789826,1745332525.0,1749926208.0,0.26335594937718354,0.2811471453718977,3.6954900664036154,False
0xf03140f6e9719d0e53b727b76fe0d1c9edf489b5,343,10.7,35,18029.15665397339,-2151.0495709733927,-0.05989588245464946,0.04024464521124183,-1.4882944585611182,-0.11930949473997329,0.5020210888093052,1750779271.0,1751459075.0,0.09345464476857623,0.09976803888640882,3.6954900664036154,False
0x7bda5bceac127c3fc41d7fe7ac335593aaaa121b,282,5.2,14,85690.98541690625,-9318.054833906244,-0.06005699899215063,0.13161223544606157,-0.4563177487914009,-0.10874019931702006,0.552298040369239,1729441983.0,1731078962.0,0.10250338073676099,0.1094280685637166,3.6954900664036154,False
0x8b3eeb3ea135c9b2246b1b78adce71a4c580662c,751,9.8,16,86084.38448404288,-12481.576562042887,-0.061231243061422275,0.04843007567893209,-1.2643226797198444,-0.14499234253520796,0.4223067369682211,1750884868.0,1753644785.0,0.062391321226389754,0.06660621072075269,3.6954900664036154,False
0x231786b506ac0fb5f271f8145599436efad3c891,2093,21.3,48,416596.0887268204,-150762.8132998204,-0.13310997374802003,0.07313712981789208,-1.8200054347149994,-0.36189205174867095,0.36781679261765904,1736038546.0,1737920143.0,0.03648666211012394,0.038951544176883,3.6954900664036154,False
0xe6a3779a7bc509595d2343fa9645f29243c7fc02,352,2.6,27,13014.664887988129,-5254.867463988129,-0.16456074423397837,0.08133705058629212,-2.023195370963108,-0.40376509954075757,0.4075655484368257,1743056599.0,1746590570.0,0.09066278358951087,0.09678757156594338,3.6954900664036154,False
0xc20382d42afcfad758215706b91ed728da4b74f3,2242,6.7,11,5479.559559999952,-2104.850267999953,-0.17964316224652763,0.10683848068302502,-1.6814462457539434,-0.38412763744098644,0.46766528814039376,1738025816.0,1738038482.0,0.03647738120096487,0.03894163628939195,3.6954900664036154,False
0xf8ba34bf0e95d952d05b578bfbc0833f9242a286,249,7.2,35,17562.924012981563,-4776.602070981561,-0.19696581444570477,0.11694906039153626,-1.6842017694394356,-0.2719707759055927,0.7242168346575448,1731617522.0,1732088041.0,0.0980392556222802,0.10466236634401195,3.6954900664036154,False
0xf8d6479c4c5e9348f5924c04c04dec28519e0062,884,7.4,21,7923.484095022412,-3125.383515022412,-0.1989592213442623,0.11880117996577423,-1.6747242864219112,-0.3944456097268877,0.5044021696223738,1753738287.0,1754597915.0,0.05821146556376666,0.06214398197523852,3.6954900664036154,False
0x323b16159312f463c45b3b02ab73c11ec17f9fe7,168,5.3,12,6980.384956987471,-3979.8924569874707,-0.24516562401930578,0.09788483827870498,-2.504633284689627,-0.5701537209639904,0.4299991651458324,1750973700.0,1751405232.0,0.13222038151601065,0.14115262218727845,3.6954900664036154,False
